﻿Date,Time,Day,Station,Code,Min Delay,Min Gap,Bound,Line,Vehicle
2018-12-01,00:11,Saturday,YONGE BD STATION,SUDP,0,0,,BD,0
2018-12-01,01:13,Saturday,DUNDAS WEST STATION,SUAP,0,0,W,BD,5339
2018-12-01,01:35,Saturday,SHEPPARD STATION,EUSC,0,0,N,YU,5651
2018-12-01,01:46,Saturday,DUNDAS WEST STATION,SUO,4,8,W,BD,5339
2018-12-01,01:51,Saturday,WOODBINE STATION,SUDP,0,0,,BD,0
2018-12-01,06:00,Saturday,ST GEORGE TO FINCH WES,MUO,0,0,,YU,0
2018-12-01,06:08,Saturday,WOODBINE STATION,TUKEY,8,12,E,BD,5080
2018-12-01,06:33,Saturday,QUEEN'S PARK STATION,TUSC,0,0,S,YU,6016
2018-12-01,07:43,Saturday,VICTORIA PARK STATION,MUDD,6,10,W,BD,5200
2018-12-01,08:39,Saturday,MCCOWAN STATION,ERCO,4,10,S,SRT,3026
2018-12-01,08:59,Saturday,KENNEDY SRT STATION,ERCO,5,11,N,SRT,3026
2018-12-01,09:09,Saturday,MCCOWAN STATION,ERCO,6,12,S,SRT,3026
2018-12-01,11:17,Saturday,GREENWOOD STATION,EUSC,0,0,E,BD,5121
2018-12-01,11:20,Saturday,BLOOR DANFORTH SUBWAY,MUGD,0,0,,BD,0
2018-12-01,12:07,Saturday,COXWELL STATION,MUIR,0,0,E,BD,5345
2018-12-01,12:39,Saturday,YONGE BD STATION,SUAE,0,0,E,BD,5356
2018-12-01,12:59,Saturday,FINCH STATION,TUSUP,0,0,N,YU,5066
2018-12-01,13:15,Saturday,KENNEDY BD STATION,MUSC,0,0,W,BD,5253
2018-12-01,14:07,Saturday,DUNDAS STATION,SUO,5,9,N,YU,6056
2018-12-01,14:23,Saturday,DUNDAS WEST STATION,SUO,0,0,W,BD,5160
2018-12-01,14:43,Saturday,LESLIE STATION,TUSC,0,0,W,SHP,6166
2018-12-01,14:43,Saturday,NORTH YORK CTR STATION,MUIS,0,0,N,YU,6003
2018-12-01,14:47,Saturday,KENNEDY BD STATION,MUSAN,4,8,W,BD,5306
2018-12-01,16:59,Saturday,DAVISVILLE STATION,TUOS,0,0,S,YU,5786
2018-12-01,17:16,Saturday,LAWRENCE STATION,MUPAA,0,0,S,YU,5406
2018-12-01,18:09,Saturday,VICTORIA PARK STATION,MUSC,0,0,E,BD,5336
2018-12-01,18:12,Saturday,DAVISVILLE STATION,MUSC,0,0,S,YU,5606
2018-12-01,18:12,Saturday,HIGH PARK STATION,MUSC,0,0,W,BD,5160
2018-12-01,18:26,Saturday,MAIN STREET STATION,MUSC,0,0,W,BD,5278
2018-12-01,18:42,Saturday,CHRISTIE STATION,MUIS,0,0,,BD,0
2018-12-01,19:10,Saturday,KIPLING STATION,MUSC,0,0,W,BD,5306
2018-12-01,19:23,Saturday,MAIN STREET STATION,MUIS,0,0,,BD,0
2018-12-01,19:58,Saturday,BLOOR STATION,MUIS,0,0,N,YU,0
2018-12-01,20:20,Saturday,KENNEDY BD STATION,MUIR,0,0,W,BD,5242
2018-12-01,22:00,Saturday,YUS/BD/SHEPPARD SUBWAY,MUO,0,0,,YU/BD,0
2018-12-01,22:06,Saturday,ST GEORGE BD STATION,MUSC,0,0,W,BD,5169
2018-12-01,22:34,Saturday,JANE STATION,TUSC,0,0,W,BD,5336
2018-12-01,23:33,Saturday,FINCH WEST STATION,MUIRS,0,0,,YU,0
2018-12-01,23:44,Saturday,KENNEDY BD STATION,MUSC,0,0,E,BD,5038
2018-12-01,23:47,Saturday,VICTORIA PARK STATION,MUSC,0,0,W,BD,5278
2018-12-01,23:57,Saturday,MUSEUM STATION,MUDD,7,11,S,YU,5401
2018-12-02,01:50,Sunday,DAVISVILLE STATION,PUTDN,0,0,S,YU,6066
2018-12-02,02:22,Sunday,GREENWOOD YARD,PUSNT,0,0,W,BD,5065
2018-12-02,07:59,Sunday,DAVISVILLE STATION,EUSC,0,0,S,YU,5966
2018-12-02,08:11,Sunday,LAWRENCE STATION,SUDP,0,0,,YU,0
2018-12-02,08:11,Sunday,VAUGHAN MC STATION,MUNOA,6,11,S,YU,0
2018-12-02,08:13,Sunday,GREENWOOD YARD,EUSC,0,0,E,BD,5313
2018-12-02,09:29,Sunday,OSSINGTON STATION,TUSC,0,0,W,BD,5265
2018-12-02,10:03,Sunday,MIDLAND STATION,ERDO,5,11,N,SRT,3023
2018-12-02,11:16,Sunday,EGLINTON STATION,MUI,15,19,N,YU,5391
2018-12-02,11:20,Sunday,LAWRENCE WEST STATION,SUDP,7,11,N,YU,5576
2018-12-02,11:50,Sunday,SPADINA YUS STATION,MUIS,0,0,,YU,0
2018-12-02,12:12,Sunday,FINCH WEST STATION,MUIS,0,0,,YU,0
2018-12-02,13:27,Sunday,LAWRENCE WEST STATION,PUSNT,4,8,S,YU,5476
2018-12-02,13:37,Sunday,KIPLING STATION,MUSC,0,0,E,BD,5336
2018-12-02,14:42,Sunday,KING STATION,MUIS,0,0,,YU,0
2018-12-02,14:59,Sunday,BROADVIEW STATION,MUIS,0,0,,BD,0
2018-12-02,15:33,Sunday,YONGE BD STATION,PUMEL,0,0,,BD,0
2018-12-02,15:55,Sunday,ST CLAIR STATION,MUO,3,7,S,YU,6011
2018-12-02,16:38,Sunday,DON MILLS STATION,TUSC,0,0,E,SHP,6181
2018-12-02,16:48,Sunday,MAIN STREET STATION,MUIS,0,0,,BD,0
2018-12-02,17:01,Sunday,COXWELL STATION,MUIS,0,0,W,BD,0
2018-12-02,19:06,Sunday,WOODBINE STATION,MUPAA,4,8,E,BD,5242
2018-12-02,19:38,Sunday,KENNEDY BD STATION,MUDD,5,9,E,BD,5167
2018-12-02,20:30,Sunday,EGLINTON STATION,MUIS,0,0,,YU,0
2018-12-02,20:53,Sunday,HIGH PARK STATION,SUDP,7,11,W,BD,5258
2018-12-02,22:00,Sunday,YUS/BD/SHEPPARD SUBWAY,MUO,0,0,,YU/BD,0
2018-12-02,22:20,Sunday,BLOOR DANFORTH SUBWAY,MUGD,0,0,,BD,0
2018-12-02,22:21,Sunday,ROYAL YORK STATION,MUIRS,0,0,E,BD,0
2018-12-02,23:26,Sunday,DUNDAS WEST STATION,MUIRS,0,0,E,BD,0
2018-12-03,00:39,Monday,SPADINA YUS STATION,MUSC,0,0,N,YU,5451
2018-12-03,01:11,Monday,MUSEUM STATION,SUDP,4,9,N,YU,5826
2018-12-03,02:18,Monday,CHESTER STATION,TUSC,0,0,E,BD,5325
2018-12-03,02:27,Monday,VICTORIA PARK STATION,MUIS,0,0,,BD,0
2018-12-03,04:48,Monday,ST CLAIR WEST STATION,MUNCA,0,0,,YU,0
2018-12-03,05:41,Monday,KIPLING STATION,TUSC,0,0,E,BD,5052
2018-12-03,06:03,Monday,KIPLING STATION,MUSC,0,0,E,BD,5263
2018-12-03,06:11,Monday,KIPLING STATION,MUSC,0,0,E,BD,5117
2018-12-03,06:28,Monday,DONLANDS STATION,PUSI,7,9,E,BD,5308
2018-12-03,06:54,Monday,SHEPPARD STATION,SUO,0,0,,YU,0
2018-12-03,06:59,Monday,WOODBINE STATION,MUIS,0,0,,BD,0
2018-12-03,07:08,Monday,KEELE STATION,MUSC,0,0,W,BD,5330
2018-12-03,07:36,Monday,GREENWOOD STATION,EUSC,0,0,E,BD,5220
2018-12-03,08:08,Monday,WOODBINE STATION,MUSC,0,0,W,BD,5060
2018-12-03,08:25,Monday,DUPONT STATION,MUIR,0,0,S,YU,5661
2018-12-03,08:35,Monday,ST CLAIR STATION,MUIR,3,5,S,YU,5861
2018-12-03,08:36,Monday,KIPLING STATION,TUSC,0,0,W,BD,5004
2018-12-03,09:31,Monday,SPADINA YUS STATION,SUDP,4,6,S,YU,5881
2018-12-03,09:34,Monday,CHESTER STATION,TUMVS,0,0,E,BD,5265
2018-12-03,09:58,Monday,DUFFERIN STATION,MUNCA,0,0,,BD,0
2018-12-03,10:27,Monday,SCARB CTR STATION,MRTO,8,14,N,SRT,3007
2018-12-03,10:44,Monday,ST CLAIR WEST STATION,TUATC,5,9,N,YU,5806
2018-12-03,10:45,Monday,ISLINGTON STATION,TUSC,0,0,E,BD,5220
2018-12-03,11:21,Monday,SHEPPARD WEST STATION,MUATC,5,9,N,YU,5606
2018-12-03,11:25,Monday,ST ANDREW STATION,EUSC,0,0,S,YU,5631
2018-12-03,11:54,Monday,COLLEGE STATION,SUDP,3,6,N,YU,6056
2018-12-03,12:18,Monday,JANE STATION,PUMST,0,0,,BD,0
2018-12-03,12:29,Monday,DON MILLS STATION,MUSC,0,0,W,SHP,6141
2018-12-03,12:47,Monday,DUNDAS STATION,MUIS,0,0,,YU,0
2018-12-03,13:19,Monday,FINCH WEST STATION,SUCOL,0,0,S,YU,5426
2018-12-03,13:22,Monday,QUEEN STATION,SUDP,9,13,N,YU,5981
2018-12-03,13:29,Monday,MCCOWAN STATION,TRO,8,14,S,SRT,3020
2018-12-03,13:57,Monday,MCCOWAN STATION,TRO,0,0,N,SRT,3007
2018-12-03,14:03,Monday,DUNDAS WEST STATION,TUMVS,4,7,W,BD,5198
2018-12-03,14:04,Monday,SPADINA YUS STATION,SUDP,3,6,N,YU,5396
2018-12-03,14:07,Monday,YONGE SHP STATION,MUSC,0,0,W,SHP,6141
2018-12-03,14:08,Monday,QUEEN STATION,EUSC,0,0,N,YU,5426
2018-12-03,15:26,Monday,KENNEDY BD STATION,TUKEY,3,6,W,BD,5242
2018-12-03,15:27,Monday,EGLINTON STATION,MUI,13,15,N,YU,5666
2018-12-03,15:34,Monday,ST GEORGE BD STATION,MUIS,0,0,,BD,0
2018-12-03,15:59,Monday,DUNDAS WEST STATION,MUIS,0,0,W,BD,0
2018-12-03,16:19,Monday,RUNNYMEDE STATION,MUI,10,12,E,BD,5191
2018-12-03,16:44,Monday,KIPLING STATION,TUKEY,3,5,E,BD,5356
2018-12-03,16:53,Monday,FINCH STATION,MUSC,0,0,N,YU,5831
2018-12-03,17:04,Monday,ST GEORGE YUS STATION,PUSNT,4,6,N,YU,5486
2018-12-03,17:06,Monday,SPADINA YUS STATION,SUDP,3,5,N,YU,5631
2018-12-03,17:46,Monday,PAPE STATION,MUIR,13,15,E,BD,5181
2018-12-03,19:35,Monday,UNION STATION,MUI,15,18,S,YU,5392
2018-12-03,19:37,Monday,DUPONT STATION,MUIS,0,0,,YU,0
2018-12-03,19:47,Monday,BLOOR STATION,MUIS,0,0,S,YU,0
2018-12-03,21:56,Monday,KIPLING STATION,MUPAA,0,0,E,BD,5325
2018-12-03,22:00,Monday,YUS/BD/SHEPPARD SUBWAY,MUO,0,0,,YU/BD,0
2018-12-03,22:27,Monday,CHRISTIE STATION,SUAP,4,8,E,BD,5365
2018-12-03,22:38,Monday,YUS/BD/SHEPPARD SUBWAY,MUGD,0,0,,YU,0
2018-12-03,23:06,Monday,UNION STATION,EUSC,0,0,S,YU,5631
2018-12-03,23:25,Monday,WILSON STATION,MUPAA,0,0,S,YU,6041
2018-12-03,23:43,Monday,WILSON STATION,MUIS,0,0,,YU,0
2018-12-03,23:53,Monday,ST GEORGE BD STATION,TUSC,0,0,W,BD,5296
2018-12-04,01:08,Tuesday,ROSEDALE STATION,PUSTS,4,9,S,YU,6076
2018-12-04,01:09,Tuesday,FINCH STATION,TUO,3,8,S,YU,5601
2018-12-04,01:41,Tuesday,DUPONT STATION,MUSC,0,0,S,YU,5466
2018-12-04,03:58,Tuesday,KENNEDY BD STATION,PUMO,0,0,,BD,0
2018-12-04,05:35,Tuesday,KING STATION,MUIE,0,0,S,YU,0
2018-12-04,06:28,Tuesday,LAWRENCE EAST STATION,ERDO,6,11,N,SRT,3027
2018-12-04,06:43,Tuesday,CASTLE FRANK STATION,MUSAN,3,5,W,BD,5334
2018-12-04,07:02,Tuesday,FINCH STATION,TUSC,0,0,S,YU,5526
2018-12-04,07:10,Tuesday,CASTLE FRANK STATION,MUSC,0,0,W,BD,5060
2018-12-04,07:18,Tuesday,FINCH STATION,TUSC,0,0,N,YU,5906
2018-12-04,08:08,Tuesday,KENNEDY BD STATION,TUSC,0,0,E,BD,5341
2018-12-04,08:09,Tuesday,EGLINTON STATION,MUTO,8,10,N,YU,0
2018-12-04,08:10,Tuesday,ST GEORGE BD STATION,MUIR,0,0,E,BD,5268
2018-12-04,08:24,Tuesday,RUNNYMEDE STATION,TUOS,3,5,E,BD,5140
2018-12-04,08:40,Tuesday,YORK MILLS STATION,TUMVS,0,0,S,YU,5616
2018-12-04,08:47,Tuesday,ST CLAIR STATION,MUIR,7,9,S,YU,5981
2018-12-04,08:51,Tuesday,UNION STATION,EUDO,3,5,S,YU,5796
2018-12-04,09:31,Tuesday,COXWELL STATION,MUTO,0,0,,BD,0
2018-12-04,09:35,Tuesday,UNION STATION,MUIS,0,0,,YU,0
2018-12-04,09:39,Tuesday,CASTLE FRANK STATION,MUI,9,11,E,BD,5253
2018-12-04,09:41,Tuesday,SUMMERHILL STATION,MUIR,7,9,N,YU,5906
2018-12-04,09:59,Tuesday,QUEEN'S PARK STATION,PUSRA,5,7,N,YU,6086
2018-12-04,11:09,Tuesday,YUS/BD/SHEPPARD SUBWAY,PUCSS,20,23,,YU,0
2018-12-04,11:12,Tuesday,FINCH STATION,MUNCA,0,0,,YU,0
2018-12-04,11:15,Tuesday,BLOOR DANFORTH SUBWAY,MUGD,0,0,,BD,0
2018-12-04,12:42,Tuesday,EGLINTON STATION,MUO,3,6,N,YU,5406
2018-12-04,12:51,Tuesday,NORTH YORK CTR STATION,MUPAA,0,0,N,YU,5451
2018-12-04,13:32,Tuesday,SPADINA BD STATION,MUIS,0,0,W,BD,5038
2018-12-04,13:46,Tuesday,YORK MILLS STATION,MUI,4,6,S,YU,5936
2018-12-04,13:52,Tuesday,YONGE BD STATION,MUDD,0,0,W,BD,5289
2018-12-04,14:31,Tuesday,ST GEORGE BD STATION,MUPR1,77,80,E,BD,5079
2018-12-04,15:44,Tuesday,DAVISVILLE STATION,MUPAA,0,0,N,YU,6041
2018-12-04,15:53,Tuesday,CHRISTIE STATION,EUSC,0,0,W,BD,5178
2018-12-04,16:01,Tuesday,ST CLAIR WEST STATION,MUPAA,0,0,N,YU,6121
2018-12-04,16:05,Tuesday,DUPONT STATION,SUDP,0,0,N,YU,5551
2018-12-04,16:20,Tuesday,DUNDAS WEST STATION,PUMEL,0,0,E,BD,0
2018-12-04,16:21,Tuesday,KENNEDY BD STATION,MUIS,0,0,,BD,0
2018-12-04,17:03,Tuesday,DUPONT STATION,TUATC,4,6,N,YU,5621
2018-12-04,17:33,Tuesday,MCCOWAN STATION,MRUI,6,12,S,SRT,3016
2018-12-04,17:59,Tuesday,KENNEDY BD STATION,MUIS,0,0,W,BD,5004
2018-12-04,18:05,Tuesday,ST GEORGE YUS STATION,SUDP,7,9,N,YU,5521
2018-12-04,19:54,Tuesday,SHEPPARD WEST STATION,PUMEL,0,0,,YU,0
2018-12-04,20:02,Tuesday,DAVISVILLE STATION,SUDP,3,6,S,YU,5606
2018-12-04,22:00,Tuesday,YUS/BD/SHEPPARD SUBWAY,MUO,0,0,,YU/BD,0
2018-12-04,22:18,Tuesday,SHEPPARD WEST STATION,MUTO,6,11,S,YU,5426
2018-12-04,22:27,Tuesday,ISLINGTON STATION,SUO,13,17,W,BD,5221
2018-12-04,22:32,Tuesday,FINCH STATION,MUIS,0,0,,YU,0
2018-12-04,22:42,Tuesday,ST CLAIR STATION,MUIS,0,0,,YU,0
2018-12-04,23:03,Tuesday,KING STATION,EUSC,0,0,N,YU,5631
2018-12-04,23:22,Tuesday,DONLANDS STATION,MUIS,0,0,,BD,0
2018-12-05,00:49,Wednesday,ST GEORGE YUS STATION,MUPAA,0,0,N,YU,5626
2018-12-05,01:04,Wednesday,WOODBINE STATION,SUPOL,5,10,W,BD,5217
2018-12-05,01:58,Wednesday,BAY LOWER STATION,PUTOE,0,0,W,BD,0
2018-12-05,04:19,Wednesday,GLENCAIRN STATION,MUNCA,0,0,,YU,0
2018-12-05,05:36,Wednesday,DAVISVILLE STATION,TUNOA,5,11,N,YU,0
2018-12-05,05:36,Wednesday,KENNEDY BD STATION,SUDP,0,0,,BD,0
2018-12-05,05:47,Wednesday,KIPLING STATION,EUSC,0,0,E,BD,5121
2018-12-05,05:53,Wednesday,COXWELL STATION,MUSC,0,0,E,BD,5192
2018-12-05,07:03,Wednesday,WILSON STATION,TUNOA,2,4,S,YU,0
2018-12-05,07:22,Wednesday,WARDEN STATION,MUSC,0,0,W,BD,5060
2018-12-05,07:29,Wednesday,FINCH STATION,MUSC,0,0,S,YU,5811
2018-12-05,08:09,Wednesday,ST GEORGE YUS STATION,MUI,0,0,S,YU,5891
2018-12-05,08:32,Wednesday,DAVISVILLE STATION,MUPAA,0,0,S,YU,5451
2018-12-05,08:37,Wednesday,EGLINTON STATION,MUIRS,0,0,,YU,0
2018-12-05,08:40,Wednesday,DAVISVILLE STATION,MUIR,3,5,S,YU,5461
2018-12-05,08:47,Wednesday,DAVISVILLE STATION,MUNOA,0,0,S,YU,5536
2018-12-05,08:59,Wednesday,CHRISTIE STATION,MUDD,3,5,W,BD,5040
2018-12-05,09:27,Wednesday,YONGE BD STATION,MUIR,3,5,W,BD,5248
2018-12-05,10:42,Wednesday,DUNDAS STATION,MUI,0,0,S,YU,5596
2018-12-05,10:49,Wednesday,KENNEDY BD STATION,TUMVS,0,0,E,BD,5140
2018-12-05,11:30,Wednesday,BLOOR DANFORTH SUBWAY,MUGD,0,0,,BD,0
2018-12-05,11:38,Wednesday,EGLINTON STATION,TUMVS,3,6,S,YU,5421
2018-12-05,11:51,Wednesday,HIGH PARK STATION,MUSC,0,0,W,BD,5197
2018-12-05,11:57,Wednesday,ST ANDREW STATION,MUTO,3,6,N,YU,5421
2018-12-05,12:05,Wednesday,RUNNYMEDE STATION,MUIRS,0,0,,BD,0
2018-12-05,12:15,Wednesday,GREENWOOD COMPLEX,PUMO,0,0,,BD,0
2018-12-05,12:32,Wednesday,JANE STATION,MUSC,0,0,E,BD,5281
2018-12-05,12:38,Wednesday,CHESTER STATION,TUSC,0,0,W,BD,5258
2018-12-05,13:09,Wednesday,KIPLING STATION,MUPAA,0,0,E,BD,5296
2018-12-05,13:14,Wednesday,YONGE BD STATION,PUMST,0,0,,BD,0
2018-12-05,13:39,Wednesday,DUNDAS STATION,MUPAA,3,6,N,YU,5426
2018-12-05,13:41,Wednesday,KENNEDY BD STATION,PUSTS,0,0,E,BD,5054
2018-12-05,13:42,Wednesday,YORK MILLS STATION,TUSC,0,0,S,YU,5641
2018-12-05,13:50,Wednesday,YORK MILLS STATION,PUMEL,0,0,,YU,0
2018-12-05,14:07,Wednesday,OSSINGTON STATION,PUMST,0,0,,BD,0
2018-12-05,14:10,Wednesday,KIPLING STATION,MUI,3,6,E,BD,5247
2018-12-05,14:27,Wednesday,ST GEORGE BD STATION,MUDD,5,8,W,BD,5080
2018-12-05,14:45,Wednesday,KENNEDY BD STATION,MUIR,0,0,,BD,0
2018-12-05,14:59,Wednesday,WELLESLEY STATION,MUPAA,0,0,S,YU,6036
2018-12-05,15:22,Wednesday,ST GEORGE YUS STATION,EUSC,0,0,S,YU,5631
2018-12-05,15:26,Wednesday,ROYAL YORK STATION,SUDP,3,6,W,BD,5155
2018-12-05,15:45,Wednesday,ST ANDREW STATION,PUMST,0,0,,YU,0
2018-12-05,16:36,Wednesday,DON MILLS STATION,PUOPO,4,9,W,SHP,6141
2018-12-05,16:52,Wednesday,QUEEN STATION,MUNCA,0,0,S,YU,0
2018-12-05,17:31,Wednesday,BROADVIEW STATION,MUI,3,5,E,BD,5178
2018-12-05,18:05,Wednesday,WILSON YARD,MUNOA,3,5,,YU,0
2018-12-05,18:23,Wednesday,KIPLING STATION,MUO,0,0,W,BD,5320
2018-12-05,18:30,Wednesday,ROSEDALE STATION,EUSC,0,0,N,YU,5631
2018-12-05,18:49,Wednesday,KENNEDY BD STATION,MUI,0,0,W,BD,5066
2018-12-05,18:56,Wednesday,YORK MILLS STATION,MUSC,0,0,N,YU,5931
2018-12-05,19:01,Wednesday,DUFFERIN STATION,MUIS,0,0,,BD,0
2018-12-05,19:47,Wednesday,SPADINA YUS STATION,MUIR,5,8,N,YU,6096
2018-12-05,19:49,Wednesday,CASTLE FRANK STATION,MUIRS,0,0,W,BD,0
2018-12-05,20:17,Wednesday,KEELE STATION,PUMEL,0,0,W,BD,0
2018-12-05,20:49,Wednesday,DONLANDS STATION,PUMST,0,0,,BD,0
2018-12-05,20:51,Wednesday,LAWRENCE WEST STATION,MUATC,6,9,N,YU,5411
2018-12-05,20:51,Wednesday,SPADINA YUS STATION,TUSC,0,0,S,YU,5956
2018-12-05,21:04,Wednesday,NORTH YORK CTR STATION,MUPAA,0,0,N,YU,5941
2018-12-05,21:23,Wednesday,EGLINTON STATION,MUPAA,0,0,N,YU,5631
2018-12-05,21:46,Wednesday,GLENCAIRN STATION,EUDO,4,9,S,YU,6106
2018-12-05,21:58,Wednesday,KENNEDY BD STATION,MUI,4,8,W,BD,5343
2018-12-05,22:00,Wednesday,YUS/BD/SHEPPARD SUBWAY,MUO,0,0,,YU/BD,0
2018-12-05,23:31,Wednesday,FINCH STATION,MUPAA,0,0,N,YU,5656
2018-12-06,00:28,Thursday,DUNDAS WEST STATION,PUSTS,0,0,E,BD,5191
2018-12-06,00:52,Thursday,ISLINGTON STATION,TUSC,0,0,E,BD,5128
2018-12-06,02:19,Thursday,KENNEDY BD STATION,SUROB,0,0,W,BD,5114
2018-12-06,02:36,Thursday,YONGE SHP STATION,TUMVS,0,0,W,SHP,6166
2018-12-06,02:37,Thursday,VAUGHAN MC STATION,SUO,0,0,S,YU,5386
2018-12-06,05:42,Thursday,GREENWOOD STATION,MUSC,0,0,E,BD,5121
2018-12-06,05:45,Thursday,KENNEDY BD STATION,PUTWZ,4,8,W,BD,5109
2018-12-06,05:53,Thursday,WARDEN STATION,PUTWZ,8,12,E,BD,5249
2018-12-06,06:10,Thursday,COXWELL STATION,MUSC,0,0,E,BD,5251
2018-12-06,06:38,Thursday,KENNEDY BD STATION,MUSC,0,0,W,BD,5080
2018-12-06,06:48,Thursday,KENNEDY BD STATION,MUSC,0,0,W,BD,5044
2018-12-06,07:21,Thursday,COXWELL STATION,MUSC,0,0,E,BD,5330
2018-12-06,07:30,Thursday,FINCH WEST STATION,MUIRS,0,0,,YU,0
2018-12-06,09:33,Thursday,LESLIE STATION,MUIS,0,0,,SHP,0
2018-12-06,10:07,Thursday,FINCH STATION,PUMEL,0,0,,YU,0
2018-12-06,10:11,Thursday,EGLINTON WEST STATION,MUDD,0,0,S,YU,5821
2018-12-06,10:23,Thursday,SHERBOURNE STATION,SUDP,4,7,W,BD,5054
2018-12-06,10:27,Thursday,YONGE BD STATION,MUDD,4,6,E,BD,5221
2018-12-06,11:07,Thursday,NORTH YORK CTR STATION,MUO,0,0,S,YU,5626
2018-12-06,11:11,Thursday,DAVISVILLE STATION,MUIRS,0,0,,YU,0
2018-12-06,11:29,Thursday,YORK MILLS STATION,TUSC,0,0,S,YU,5531
2018-12-06,12:33,Thursday,WILSON STATION,TUO,8,11,N,YU,5601
2018-12-06,12:47,Thursday,DUNDAS WEST STATION,MUDD,3,6,E,BD,5122
2018-12-06,12:48,Thursday,BLOOR STATION,MUIS,0,0,N,YU,0
2018-12-06,12:49,Thursday,KIPLING STATION,MUSC,0,0,E,BD,5225
2018-12-06,13:16,Thursday,WILSON YARD,MUIE,0,0,,YU,0
2018-12-06,13:46,Thursday,LANSDOWNE STATION,SUDP,3,6,W,BD,5338
2018-12-06,13:54,Thursday,DUNDAS WEST STATION,MUIS,0,0,,BD,0
2018-12-06,14:15,Thursday,BROADVIEW STATION,SUDP,0,0,E,BD,5006
2018-12-06,14:38,Thursday,WARDEN STATION,MUD,3,6,W,BD,5253
2018-12-06,14:55,Thursday,KIPLING STATION,EUSC,0,0,W,BD,5356
2018-12-06,15:02,Thursday,KIPLING STATION,MUTO,3,6,,BD,5251
2018-12-06,15:05,Thursday,FINCH STATION,EUDO,3,6,S,YU,5866
2018-12-06,15:33,Thursday,DUPONT STATION,MUPAA,3,6,S,YU,5831
2018-12-06,15:55,Thursday,ST GEORGE YUS STATION,MUSC,0,0,S,YU,5616
2018-12-06,16:55,Thursday,YORKDALE STATION,MUPAA,0,0,N,YU,5971
2018-12-06,17:57,Thursday,KIPLING STATION,TUSC,0,0,W,BD,5170
2018-12-06,18:12,Thursday,KIPLING STATION,PUMEL,0,0,,BD,0
2018-12-06,18:59,Thursday,YONGE BD STATION,SUDP,3,6,W,BD,5371
2018-12-06,19:00,Thursday,BLOOR STATION,SUDP,0,0,S,YU,5921
2018-12-06,19:18,Thursday,COLLEGE STATION,SUUT,11,14,N,YU,5541
2018-12-06,22:00,Thursday,YUS/BD/SHEPPARD SUBWAY,MUO,0,0,,YU/BD,0
2018-12-06,22:09,Thursday,DUNDAS STATION,SUCOL,0,0,N,YU,5851
2018-12-06,22:21,Thursday,MAIN STREET STATION,MUIS,0,0,,BD,0
2018-12-06,22:25,Thursday,DUNDAS WEST STATION,PUSTS,0,0,E,BD,5325
2018-12-06,22:26,Thursday,OSGOODE STATION,SUUT,12,17,S,YU,5761
2018-12-06,22:47,Thursday,KEELE STATION,PUCSC,4,8,E,BD,5242
2018-12-06,23:22,Thursday,NORTH YORK CTR STATION,MUIS,0,0,,YU,0
2018-12-07,00:05,Friday,BLOOR DANFORTH SUBWAY,MUGD,0,0,,BD,0
2018-12-07,00:28,Friday,UNION STATION,MUNCA,0,0,,YU,0
2018-12-07,00:37,Friday,VAUGHAN MC STATION,MUIS,0,0,,YU,0
2018-12-07,00:57,Friday,DUNDAS STATION,SUUT,8,13,N,YU,5576
2018-12-07,01:19,Friday,SUMMERHILL STATION,MUIRS,4,9,N,YU,5681
2018-12-07,01:24,Friday,ST GEORGE YUS STATION,TUSC,0,0,N,YU,6126
2018-12-07,01:36,Friday,VICTORIA PARK STATION,MUSC,0,0,W,BD,5852
2018-12-07,02:11,Friday,DUPONT STATION,MUATC,6,11,N,YU,6131
2018-12-07,02:15,Friday,KIPLING STATION,MUIS,0,0,,BD,0
2018-12-07,05:56,Friday,QUEEN STATION,MUNCA,0,0,,YU,0
2018-12-07,06:26,Friday,KING STATION,PUMEL,0,0,,YU,0
2018-12-07,06:27,Friday,DUPONT STATION,TUATC,4,8,N,YU,6116
2018-12-07,06:38,Friday,GREENWOOD STATION,PUCSC,3,6,E,BD,5169
2018-12-07,08:04,Friday,CHESTER STATION,EUPI,3,5,W,BD,5352
2018-12-07,08:52,Friday,QUEEN'S PARK STATION,SUCOL,0,0,N,YU,5746
2018-12-07,09:07,Friday,BLOOR STATION,MUIS,0,0,S,YU,0
2018-12-07,09:12,Friday,YONGE BD STATION,EUSC,0,0,E,BD,5111
2018-12-07,11:10,Friday,WILSON STATION,MUO,3,6,S,YU,5981
2018-12-07,11:24,Friday,MIDLAND STATION,MRPAA,3,10,N,SRT,3017
2018-12-07,11:30,Friday,BLOOR DANFORTH SUBWAY,MUGD,0,0,,YU,0
2018-12-07,11:50,Friday,ROSEDALE STATION,TUOS,0,0,S,YU,6116
2018-12-07,11:54,Friday,KENNEDY BD STATION,MUIR,3,6,W,BD,5037
2018-12-07,12:06,Friday,BROADVIEW STATION,SUSA,0,0,,BD,0
2018-12-07,12:38,Friday,QUEEN STATION,SUDP,3,6,S,YU,5591
2018-12-07,13:13,Friday,OSSINGTON STATION,MUIS,0,0,,BD,0
2018-12-07,13:22,Friday,YONGE BD STATION,MUIR,11,14,E,BD,5251
2018-12-07,13:52,Friday,SHEPPARD WEST STATION,MUNOA,3,5,S,YU,5001
2018-12-07,14:26,Friday,WARDEN STATION,TUSC,0,0,E,BD,5026
2018-12-07,14:29,Friday,KIPLING STATION,MUPAA,0,0,E,BD,5369
2018-12-07,14:33,Friday,VAUGHAN MC STATION,EUTRD,3,6,S,YU,6136
2018-12-07,15:24,Friday,WILSON STATION,MUATC,3,6,S,YU,5901
2018-12-07,15:48,Friday,FINCH STATION,MUPAA,0,0,S,YU,5911
2018-12-07,15:53,Friday,ST PATRICK STATION,SUAP,0,0,,YU,0
2018-12-07,15:59,Friday,EGLINTON STATION,MUIRS,4,7,S,YU,5431
2018-12-07,16:11,Friday,COLLEGE STATION,MUIS,0,0,N,YU,0
2018-12-07,17:13,Friday,PAPE STATION,PUMEL,0,0,,BD,0
2018-12-07,17:18,Friday,VICTORIA PARK STATION,MUPAA,0,0,W,BD,5213
2018-12-07,17:57,Friday,ST GEORGE BD STATION,EUSC,0,0,W,BD,5111
2018-12-07,18:05,Friday,VICTORIA PARK STATION,TUSC,0,0,W,BD,5314
2018-12-07,18:07,Friday,BROADVIEW STATION,TUMVS,6,8,E,BD,5208
2018-12-07,18:17,Friday,ROSEDALE STATION,SUDP,6,8,S,YU,5591
2018-12-07,18:23,Friday,BATHURST STATION,SUAE,7,9,W,BD,5071
2018-12-07,18:23,Friday,ROYAL YORK STATION,MUSC,0,0,W,BD,5302
2018-12-07,18:42,Friday,COLLEGE STATION,SUO,0,0,S,YU,5416
2018-12-07,19:21,Friday,SPADINA YUS STATION,TUSC,0,0,S,YU,6011
2018-12-07,19:49,Friday,GREENWOOD STATION,EUSC,0,0,W,BD,5111
2018-12-07,20:00,Friday,SHERBOURNE STATION,EUSC,0,0,W,BD,5111
2018-12-07,20:43,Friday,DUNDAS WEST STATION,TUSC,0,0,E,BD,5005
2018-12-07,20:56,Friday,BLOOR DANFORTH SUBWAY,MUGD,0,0,,BD,0
2018-12-07,21:05,Friday,KENNEDY BD STATION,MUI,4,8,W,BD,5052
2018-12-07,21:31,Friday,LESLIE STATION,MUIS,0,0,,SHP,0
2018-12-07,21:42,Friday,YORK UNIVERSITY STATIO,PUMEL,0,0,,YU,0
2018-12-07,22:00,Friday,YUS/BD/SHEPPARD SUBWAY,MUO,0,0,,YU/BD,0
2018-12-07,22:00,Friday,YUS/BD/SHEPPARD SUBWAY,MUGD,0,0,,YU,0
2018-12-07,22:21,Friday,OSSINGTON STATION,MUIR,6,10,W,BD,5062
2018-12-07,22:44,Friday,FINCH WEST STATION,SUUT,12,17,N,YU,5956
2018-12-07,23:55,Friday,QUEEN'S PARK STATION,SUDP,3,8,S,YU,6121
2018-12-08,00:28,Saturday,LAWRENCE WEST STATION,MUIR,9,14,N,YU,5546
2018-12-08,01:15,Saturday,VICTORIA PARK STATION,PUEWZ,5,8,E,BD,5107
2018-12-08,01:33,Saturday,VAUGHAN MC STATION,TUO,12,17,N,YU,5941
2018-12-08,02:23,Saturday,DON MILLS STATION,MUIS,0,0,,SHP,0
2018-12-08,04:31,Saturday,KENNEDY BD STATION,MUNCA,0,0,,BD,0
2018-12-08,04:54,Saturday,LAWRENCE WEST STATION,MUNCA,0,0,,YU,0
2018-12-08,05:53,Saturday,WILSON YARD,PUEWZ,46,51,N,YU,5781
2018-12-08,06:00,Saturday,BLOOR DANFORTH SUBWAY,MUO,0,0,,BD,0
2018-12-08,06:37,Saturday,YONGE BD STATION,MUO,4,8,W,BD,5217
2018-12-08,10:46,Saturday,EGLINTON STATION,EUSC,0,0,N,YU,5931
2018-12-08,11:08,Saturday,FINCH STATION,MUIS,0,0,,YU,0
2018-12-08,11:14,Saturday,ST ANDREW STATION,MUPAA,0,0,N,YU,6016
2018-12-08,11:27,Saturday,YUS/BD/SHEPPARD SUBWAY,MUGD,0,0,,YU,0
2018-12-08,12:04,Saturday,BLOOR STATION,SUDP,6,11,S,YU,5761
2018-12-08,12:43,Saturday,DUPONT STATION,SUDP,7,10,S,YU,5651
2018-12-08,13:05,Saturday,QUEEN'S PARK STATION,SUCOL,0,0,N,YU,6066
2018-12-08,13:40,Saturday,LAWRENCE STATION,SUDP,0,0,S,YU,6006
2018-12-08,13:42,Saturday,DOWNSVIEW PARK STATION,SUO,0,0,S,YU,5536
2018-12-08,13:58,Saturday,VAUGHAN MC STATION,MUNOA,4,8,S,YU,5581
2018-12-08,14:36,Saturday,ROSEDALE STATION,MUIRS,0,0,,YU,0
2018-12-08,14:45,Saturday,JANE STATION,TUSC,0,0,W,BD,5160
2018-12-08,15:35,Saturday,PAPE STATION,MUSAN,4,8,E,BD,5208
2018-12-08,16:22,Saturday,KENNEDY BD STATION,MUIS,0,0,E,BD,0
2018-12-08,16:25,Saturday,MAIN STREET STATION,MUPAA,0,0,E,BD,5052
2018-12-08,16:40,Saturday,DAVISVILLE STATION,EUTR,4,8,S,YU,5401
2018-12-08,16:47,Saturday,HIGH PARK STATION,MUIS,0,0,,BD,0
2018-12-08,16:57,Saturday,ST PATRICK STATION,MUPAA,0,0,N,YU,5961
2018-12-08,17:12,Saturday,FINCH STATION,MUPAA,0,0,N,YU,5681
2018-12-08,17:56,Saturday,DAVISVILLE STATION,SUDP,4,8,N,YU,5796
2018-12-08,18:17,Saturday,LAWRENCE STATION,SUCOL,0,0,S,YU,5736
2018-12-08,18:30,Saturday,LAWRENCE WEST STATION,EUCA,4,8,S,YU,6031
2018-12-08,19:00,Saturday,ST PATRICK STATION,MUPAA,0,0,N,YU,5791
2018-12-08,19:13,Saturday,SHEPPARD WEST STATION,MUSAN,8,12,S,YU,6101
2018-12-08,21:19,Saturday,LAWRENCE WEST STATION,MUIS,0,0,,YU,0
2018-12-08,21:27,Saturday,FINCH STATION,TUSC,0,0,N,YU,5966
2018-12-08,22:00,Saturday,YUS/BD/SHEPPARD SUBWAY,MUO,0,0,,YU/BD,0
2018-12-08,23:00,Saturday,YUS/BD/SHEPPARD SUBWAY,MUGD,0,0,,YU,0
2018-12-08,23:41,Saturday,YORK MILLS STATION,TUSC,0,0,S,YU,5546
2018-12-08,23:55,Saturday,DUFFERIN STATION,MUI,18,23,W,BD,5062
2018-12-09,00:04,Sunday,GLENCAIRN STATION,MUATC,0,0,N,YU,5491
2018-12-09,00:11,Sunday,ST GEORGE YUS STATION,TUSC,0,0,S,YU,5651
2018-12-09,00:19,Sunday,WOODBINE STATION,SUEAS,8,12,E,BD,5368
2018-12-09,00:40,Sunday,CASTLE FRANK STATION,EUBK,0,0,W,BD,5276
2018-12-09,01:33,Sunday,LAWRENCE STATION,TUSC,0,0,S,YU,5516
2018-12-09,02:33,Sunday,FINCH STATION,MUIS,0,0,,YU,0
2018-12-09,08:12,Sunday,COXWELL STATION,MUSC,0,0,E,BD,5192
2018-12-09,08:20,Sunday,OSSINGTON STATION,EUDO,5,10,E,BD,5040
2018-12-09,09:20,Sunday,GLENCAIRN STATION,PUMEL,0,0,,YU,0
2018-12-09,10:45,Sunday,YONGE BD STATION,MUNCA,0,0,,BD,0
2018-12-09,11:01,Sunday,SHEPPARD WEST STATION,SUDP,4,9,N,YU,5476
2018-12-09,11:17,Sunday,HIGHWAY 407 STATION,MUPAA,0,0,N,YU,5476
2018-12-09,11:36,Sunday,SCARB CTR STATION,MRO,0,0,S,SRT,3002
2018-12-09,11:52,Sunday,OSSINGTON STATION,MUI,13,18,E,BD,5175
2018-12-09,12:53,Sunday,FINCH STATION,MUO,0,0,S,YU,5061
2018-12-09,13:57,Sunday,DUPONT STATION,TUATC,4,8,N,YU,5608
2018-12-09,15:20,Sunday,YORK MILLS STATION,MUIS,0,0,,YU,0
2018-12-09,15:58,Sunday,SHEPPARD WEST STATION,MUCL,5,9,N,YU,0
2018-12-09,16:10,Sunday,CHRISTIE STATION,TUSC,0,0,W,BD,5156
2018-12-09,17:38,Sunday,JANE STATION,TUSC,0,0,W,BD,5276
2018-12-09,17:39,Sunday,HIGHWAY 407 STATION,MUIS,0,0,,YU,0
2018-12-09,18:02,Sunday,VAUGHAN MC STATION,MUTO,5,10,S,YU,5786
2018-12-09,18:04,Sunday,BLOOR DANFORTH SUBWAY,MUGD,0,0,,BD,0
2018-12-09,18:12,Sunday,DONLANDS STATION,PUSTS,6,11,W,BD,5355
2018-12-09,18:28,Sunday,QUEEN STATION,MUIS,0,0,,,0
2018-12-09,20:35,Sunday,KING STATION,SUDP,0,0,,YU,0
2018-12-09,20:45,Sunday,GREENWOOD STATION,SUDP,0,0,,BD,0
2018-12-09,21:32,Sunday,DUNDAS WEST STATION,TUSC,0,0,W,BD,5114
2018-12-09,22:00,Sunday,YUS/BD/SHEPPARD SUBWAY,MUO,0,0,,YU/BD,0
2018-12-09,22:09,Sunday,BLOOR DANFORTH SUBWAY,MUGD,0,0,,BD,0
2018-12-09,22:13,Sunday,VAUGHAN MC STATION,MUTO,5,10,S,YU,5731
2018-12-09,23:17,Sunday,KENNEDY BD STATION,MUIS,0,0,,BD,0
2018-12-09,23:34,Sunday,DUPONT STATION,TUATC,5,10,N,YU,6006
2018-12-09,23:38,Sunday,ST CLAIR WEST STATION,SUEAS,7,12,N,YU,6006
2018-12-09,23:55,Sunday,KENNEDY BD STATION,MUSAN,0,0,E,BD,5353
2018-12-09,23:59,Sunday,WILSON STATION,MUIS,0,0,,YU,0
2018-12-10,00:07,Monday,OLD MILL STATION,SUAP,5,10,E,BD,5204
2018-12-10,01:30,Monday,SHEPPARD WEST STATION,MUI,5,10,S,YU,5606
2018-12-10,01:53,Monday,ISLINGTON STATION,EUBK,0,0,E,BD,5325
2018-12-10,01:54,Monday,GREENWOOD YARD,MUO,0,0,,,0
2018-12-10,06:31,Monday,DUPONT STATION,MUATC,3,7,N,YU,5531
2018-12-10,06:34,Monday,ROYAL YORK STATION,MUSC,0,0,E,BD,5088
2018-12-10,06:39,Monday,DUPONT STATION,MUATC,3,7,N,YU,5566
2018-12-10,06:46,Monday,GREENWOOD STATION,MUSC,0,0,E,BD,5123
2018-12-10,06:47,Monday,SHEPPARD STATION,MUSC,0,0,S,YU,5601
2018-12-10,07:06,Monday,EGLINTON STATION,MUTO,0,0,N,YU,5961
2018-12-10,07:17,Monday,YONGE BD STATION,MUTO,4,6,W,BD,5080
2018-12-10,07:22,Monday,OSSINGTON STATION,MUDD,5,7,W,BD,5009
2018-12-10,07:25,Monday,KIPLING STATION,MUSC,0,0,E,BD,5247
2018-12-10,08:16,Monday,KEELE STATION,PUTO,0,0,E,BD,5052
2018-12-10,08:39,Monday,JANE STATION,TUSC,0,0,W,BD,5263
2018-12-10,08:45,Monday,BLOOR STATION,MUIRS,0,0,N,YU,0
2018-12-10,09:20,Monday,DONLANDS STATION,MUSC,0,0,W,BD,5204
2018-12-10,10:15,Monday,DON MILLS STATION,SUROB,9,14,,SHP,0
2018-12-10,10:15,Monday,DUPONT STATION,MUATC,11,13,N,YU,5826
2018-12-10,10:29,Monday,SHEPPARD STATION,PUSO,0,0,S,YU,5651
2018-12-10,11:06,Monday,KENNEDY BD STATION,EUBO,4,8,W,BD,5208
2018-12-10,11:20,Monday,BLOOR DANFORTH SUBWAY,MUGD,0,0,,BD,0
2018-12-10,12:44,Monday,WARDEN STATION,TUMVS,0,0,E,BD,5052
2018-12-10,13:42,Monday,MCCOWAN STATION,MRTO,4,10,S,SRT,3003
2018-12-10,14:09,Monday,EGLINTON STATION,TUO,8,12,N,YU,5436
2018-12-10,14:19,Monday,DAVISVILLE STATION,MUIRS,0,0,S,YU,0
2018-12-10,14:26,Monday,YORKDALE STATION,SUCOL,0,0,N,YU,5636
2018-12-10,14:41,Monday,VICTORIA PARK STATION,MUD,5,7,W,BD,5058
2018-12-10,15:52,Monday,VAUGHAN MC STATION,TUNIP,3,6,S,YU,5431
2018-12-10,15:59,Monday,ROYAL YORK STATION,MUIR,4,6,W,BD,5155
2018-12-10,16:11,Monday,SHEPPARD STATION,MUPAA,6,8,N,YU,5581
2018-12-10,16:11,Monday,ST GEORGE BD STATION,MUPAA,3,5,W,BD,5339
2018-12-10,17:04,Monday,WELLESLEY STATION,MUPAA,0,0,N,YU,5826
2018-12-10,17:30,Monday,CHRISTIE STATION,TUKEY,4,6,E,BD,5371
2018-12-10,17:50,Monday,DUNDAS STATION,MUIS,0,0,N,YU,0
2018-12-10,18:18,Monday,QUEEN STATION,SUDP,0,0,,YU,0
2018-12-10,18:19,Monday,DUNDAS WEST STATION,EUBK,0,0,W,BD,5149
2018-12-10,19:38,Monday,SUMMERHILL STATION,SUDP,0,0,N,YU,5496
2018-12-10,19:44,Monday,BLOOR DANFORTH SUBWAY,MUGD,0,0,,BD,0
2018-12-10,20:22,Monday,QUEEN STATION,SUUT,18,21,S,YU,5481
2018-12-10,21:33,Monday,FINCH STATION,MUSC,0,0,S,YU,5466
2018-12-10,22:00,Monday,YUS/BD/SHEPPARD SUBWAY,MUO,0,0,,YU/BD,0
2018-12-10,22:49,Monday,FINCH STATION,MUTO,5,10,S,YU,6051
2018-12-10,23:06,Monday,YUS/BD/SHEPPARD SUBWAY,MUGD,0,0,,YU,0
2018-12-10,23:10,Monday,SHERBOURNE STATION,PUMEL,0,0,,YU,0
2018-12-10,23:13,Monday,LAWRENCE STATION,MUSC,0,0,N,YU,5746
2018-12-10,23:29,Monday,DUFFERIN STATION,MUIRS,0,0,,BD,0
2018-12-11,05:47,Tuesday,BAY STATION,MUNCA,0,0,,BD,0
2018-12-11,05:50,Tuesday,LESLIE STATION,PUOPO,3,8,W,SHP,6141
2018-12-11,05:58,Tuesday,COXWELL STATION,MUSC,0,0,E,BD,5192
2018-12-11,06:49,Tuesday,KENNEDY BD STATION,MUSC,0,0,W,BD,5294
2018-12-11,07:01,Tuesday,BATHURST STATION,SUDP,10,12,W,BD,5037
2018-12-11,07:06,Tuesday,GREENWOOD STATION,PUTDN,0,0,W,BD,5109
2018-12-11,07:20,Tuesday,GREENWOOD STATION,EUSC,0,0,E,BD,5088
2018-12-11,07:37,Tuesday,WARDEN STATION,EUNT,6,8,W,BD,5040
2018-12-11,07:55,Tuesday,ROYAL YORK STATION,MUSC,0,0,W,BD,5157
2018-12-11,08:02,Tuesday,QUEEN'S PARK STATION,TUMVS,0,0,S,YU,5496
2018-12-11,08:05,Tuesday,FINCH STATION,MUI,3,5,S,YU,5961
2018-12-11,08:16,Tuesday,ST GEORGE BD STATION,MUIS,0,0,E,BD,0
2018-12-11,08:21,Tuesday,QUEEN STATION,MUPAA,0,0,S,YU,5521
2018-12-11,08:23,Tuesday,BATHURST STATION,MUIR,4,6,E,BD,5253
2018-12-11,08:42,Tuesday,ROSEDALE STATION,MUIR,4,6,S,YU,5551
2018-12-11,08:43,Tuesday,KIPLING STATION,MUSC,0,0,E,BD,5088
2018-12-11,08:48,Tuesday,EGLINTON WEST STATION,EUNT,3,5,S,YU,5906
2018-12-11,08:54,Tuesday,DUFFERIN STATION,MUD,4,6,E,BD,5345
2018-12-11,09:48,Tuesday,WELLESLEY STATION,MUNCA,0,0,,YU,0
2018-12-11,10:18,Tuesday,ST GEORGE YUS STATION,MUPAA,0,0,S,YU,5556
2018-12-11,10:23,Tuesday,NORTH YORK CTR STATION,TUMVS,0,0,S,YU,5121
2018-12-11,10:24,Tuesday,DAVISVILLE STATION,MUO,4,6,S,YU,5901
2018-12-11,11:04,Tuesday,DONLANDS STATION,TUSC,0,0,E,BD,5360
2018-12-11,11:15,Tuesday,YORK MILLS STATION,MUSC,0,0,S,YU,5396
2018-12-11,11:26,Tuesday,KEELE STATION,MUSC,0,0,E,BD,5077
2018-12-11,11:30,Tuesday,BLOOR DANFORTH SUBWAY,MUGD,0,0,,BD,0
2018-12-11,11:30,Tuesday,COXWELL STATION,TUNIP,5,8,W,BD,5091
2018-12-11,12:45,Tuesday,FINCH STATION,MUNCA,0,0,,YU,0
2018-12-11,13:19,Tuesday,KENNEDY BD STATION,PUSTC,4,7,W,BD,5181
2018-12-11,13:42,Tuesday,WILSON STATION,MUIS,0,0,,YU,0
2018-12-11,13:44,Tuesday,CASTLE FRANK STATION,SUDP,4,7,W,BD,5181
2018-12-11,14:02,Tuesday,YONGE BD STATION,MUIS,0,0,W,BD,0
2018-12-11,15:03,Tuesday,VAUGHAN MC STATION,EUDO,4,6,S,YU,5776
2018-12-11,16:36,Tuesday,SPADINA YUS STATION,MUIS,0,0,S,YU,0
2018-12-11,16:44,Tuesday,KIPLING STATION,MUSC,0,0,E,BD,5169
2018-12-11,17:03,Tuesday,ST PATRICK STATION,SUDP,3,5,N,YU,6031
2018-12-11,17:25,Tuesday,BAY STATION,MUIS,0,0,,BD,0
2018-12-11,17:56,Tuesday,WELLESLEY STATION,SUDP,6,8,N,YU,5966
2018-12-11,18:55,Tuesday,KENNEDY BD STATION,PUSNT,3,5,W,BD,5170
2018-12-11,19:06,Tuesday,DUNDAS STATION,SUDP,0,0,,YU,0
2018-12-11,19:08,Tuesday,HIGH PARK STATION,MUIS,0,0,,BD,0
2018-12-11,19:12,Tuesday,ST GEORGE YUS STATION,SUAP,0,0,,YU,0
2018-12-11,19:34,Tuesday,KENNEDY SRT STATION,MRO,8,16,N,SRT,3007
2018-12-11,19:52,Tuesday,BLOOR DANFORTH SUBWAY,MUGD,0,0,,BD,0
2018-12-11,20:12,Tuesday,BAY STATION,PUTDN,7,10,W,BD,5145
2018-12-11,21:00,Tuesday,FINCH STATION,MUIS,0,0,,YU,0
2018-12-11,21:12,Tuesday,ST GEORGE YUS STATION,SUUT,7,11,N,YU,5666
2018-12-11,21:18,Tuesday,ST GEORGE BD STATION,SUUT,3,6,W,BD,5271
2018-12-11,21:35,Tuesday,VAUGHAN MC STATION,MUO,6,10,S,YU,5471
2018-12-11,21:47,Tuesday,ST GEORGE YUS STATION,SUDP,0,0,N,YU,5651
2018-12-11,22:00,Tuesday,YUS/BD/SHEPPARD SUBWAY,MUO,0,0,,YU/BD,0
2018-12-11,23:40,Tuesday,BLOOR DANFORTH SUBWAY,MUGD,0,0,,BD,0
2018-12-12,00:26,Wednesday,KIPLING STATION,MUSC,0,0,E,BD,5004
2018-12-12,00:27,Wednesday,WARDEN STATION,MUSC,0,0,E,BD,5158
2018-12-12,00:33,Wednesday,WARDEN STATION,MUSC,0,0,W,BD,5144
2018-12-12,00:39,Wednesday,ISLINGTON STATION,MUSC,0,0,W,BD,5319
2018-12-12,01:03,Wednesday,BLOOR STATION,SUAP,0,0,N,YU,0
2018-12-12,06:37,Wednesday,KENNEDY BD STATION,MUSC,0,0,W,BD,5127
2018-12-12,06:40,Wednesday,KIPLING STATION,MUSC,0,0,E,BD,5192
2018-12-12,06:41,Wednesday,WARDEN STATION,MUIS,0,0,,BD,0
2018-12-12,07:03,Wednesday,SPADINA BD STATION,SUDP,0,0,E,BD,5085
2018-12-12,07:50,Wednesday,SPADINA YUS STATION,SUDP,0,0,N,YU,5541
2018-12-12,08:03,Wednesday,ST GEORGE YUS STATION,MUSC,0,0,N,YU,5521
2018-12-12,08:09,Wednesday,ST GEORGE YUS STATION,MUTD,0,0,S,YU,5846
2018-12-12,08:57,Wednesday,ST CLAIR STATION,MUPAA,0,0,N,YU,5526
2018-12-12,09:08,Wednesday,NORTH YORK CTR STATION,MUPAA,0,0,S,YU,6076
2018-12-12,10:37,Wednesday,CHESTER STATION,TUMVS,0,0,E,BD,5000
2018-12-12,11:41,Wednesday,KIPLING STATION,MUSC,0,0,E,BD,5149
2018-12-12,13:47,Wednesday,ATC TERRITORY,MUATC,4,7,,YU,0
2018-12-12,13:49,Wednesday,ST GEORGE YUS STATION,SUDP,14,17,N,YU,5551
2018-12-12,14:43,Wednesday,CHRISTIE STATION,TUSC,0,0,W,BD,5178
2018-12-12,15:10,Wednesday,CASTLE FRANK STATION,EUBK,0,0,W,BD,5021
2018-12-12,15:22,Wednesday,KIPLING STATION,MUSC,0,0,E,BD,5192
2018-12-12,15:46,Wednesday,DUNDAS STATION,MUIS,0,0,,YU,0
2018-12-12,16:24,Wednesday,DUPONT STATION,MUPAA,0,0,N,YU,5486
2018-12-12,16:52,Wednesday,DUFFERIN STATION,PUMEL,0,0,W,BD,0
2018-12-12,17:01,Wednesday,YONGE BD STATION,EUBK,0,0,W,BD,5021
2018-12-12,18:02,Wednesday,ST CLAIR WEST STATION,MUTO,3,6,S,YU,6061
2018-12-12,19:02,Wednesday,NORTH YORK CTR STATION,SUDP,0,0,,YU,0
2018-12-12,19:28,Wednesday,ELLESMERE STATION,MRPAA,0,0,N,SRT,3027
2018-12-12,21:48,Wednesday,SUMMERHILL STATION,SUUT,6,11,S,YU,5626
2018-12-12,22:00,Wednesday,YUS/BD/SHEPPARD SUBWAY,MUO,0,0,,YU/BD,0
2018-12-12,22:32,Wednesday,YONGE BD STATION,SUDP,3,7,E,BD,5128
2018-12-12,23:13,Wednesday,ST ANDREW STATION,SUUT,23,28,N,YU,5581
2018-12-12,23:38,Wednesday,DAVISVILLE STATION,TUOS,5,10,S,YU,5921
2018-12-12,23:43,Wednesday,DAVISVILLE STATION,TUOS,5,10,S,YU,5861
2018-12-12,23:45,Wednesday,UNION STATION,MUPAA,0,0,N,YU,5821
2018-12-12,23:50,Wednesday,OLD MILL STATION,MUSC,0,0,E,BD,5158
2018-12-13,01:24,Thursday,DON MILLS STATION,MUTD,4,9,E,SHP,6181
2018-12-13,02:06,Thursday,LESLIE STATION,TUSC,0,0,W,SHP,6176
2018-12-13,05:55,Thursday,MCCOWAN STATION,ERCO,5,10,N,SRT,3010
2018-12-13,06:00,Thursday,WELLESLEY STATION,SUAP,0,0,,YU,0
2018-12-13,06:01,Thursday,GREENWOOD STATION,EUSC,0,0,E,BD,5120
2018-12-13,06:40,Thursday,COXWELL STATION,MUSC,0,0,E,BD,5192
2018-12-13,06:46,Thursday,DUNDAS STATION,MUIS,0,0,,YU,0
2018-12-13,07:12,Thursday,WARDEN STATION,MUSC,0,0,E,BD,5025
2018-12-13,07:27,Thursday,OSSINGTON STATION,MUD,7,10,W,BD,5112
2018-12-13,07:51,Thursday,GLENAYR EMERGENCY EXIT,SUO,0,0,,YU,0
2018-12-13,07:54,Thursday,EGLINTON WEST STATION,TUATC,5,7,S,YU,5671
2018-12-13,09:01,Thursday,BROADVIEW STATION,MUPAA,4,6,E,BD,5153
2018-12-13,09:02,Thursday,WARDEN STATION,TUSC,0,0,W,BD,5320
2018-12-13,09:08,Thursday,SHERBOURNE STATION,EUME,4,6,E,BD,5283
2018-12-13,09:19,Thursday,KENNEDY BD STATION,MUPAA,0,0,W,BD,5054
2018-12-13,09:34,Thursday,QUEEN'S PARK STATION,TUSC,0,0,N,YU,5776
2018-12-13,09:53,Thursday,UNION STATION,MUNCA,0,0,,YU,0
2018-12-13,10:27,Thursday,ST CLAIR STATION,MUIS,0,0,,YU,0
2018-12-13,10:39,Thursday,DUNDAS STATION,MUPAA,3,6,S,YU,5636
2018-12-13,10:50,Thursday,EGLINTON STATION,SUDP,4,7,N,YU,5416
2018-12-13,11:33,Thursday,ST CLAIR WEST STATION,SUDP,4,7,N,YU,5516
2018-12-13,12:15,Thursday,HIGHWAY 407 STATION,MUATC,5,8,N,YU,5426
2018-12-13,12:57,Thursday,QUEEN'S PARK STATION,MUPAA,0,0,N,YU,5826
2018-12-13,13:31,Thursday,OSSINGTON STATION,TUSC,0,0,W,BD,5336
2018-12-13,15:08,Thursday,KIPLING STATION,EUSC,0,0,E,BD,5296
2018-12-13,15:13,Thursday,KING STATION,SUPOL,32,35,N,YU,5941
2018-12-13,15:37,Thursday,ROSEDALE STATION,MUPAA,3,6,N,YU,5811
2018-12-13,15:48,Thursday,VAUGHAN MC STATION,MUIS,0,0,,YU,0
2018-12-13,15:56,Thursday,SHEPPARD STATION,MUSC,0,0,N,YU,5811
2018-12-13,16:06,Thursday,EGLINTON WEST STATION,TUO,12,16,N,YU,5636
2018-12-13,16:14,Thursday,MUSEUM STATION,MUIR,4,7,N,YU,5721
2018-12-13,16:31,Thursday,WOODBINE STATION,PUSTC,3,5,W,BD,5111
2018-12-13,17:13,Thursday,YORK MILLS STATION,PUMEL,0,0,N,YU,5411
2018-12-13,17:46,Thursday,YONGE BD STATION,MUIS,0,0,,BD,0
2018-12-13,17:48,Thursday,BLOOR STATION,SUSA,3,5,N,YU,5881
2018-12-13,17:53,Thursday,QUEEN STATION,PUMEL,0,0,,YU,0
2018-12-13,18:06,Thursday,JANE STATION,MUIR,13,15,W,BD,5077
2018-12-13,19:34,Thursday,SHEPPARD WEST STATION,MUIE,0,0,,YU,0
2018-12-13,20:14,Thursday,KIPLING STATION,TUSC,0,0,W,BD,5222
2018-12-13,20:31,Thursday,ST GEORGE BD STATION,SUUT,0,0,W,BD,5169
2018-12-13,20:36,Thursday,NORTH YORK CTR STATION,TUSC,0,0,N,YU,5676
2018-12-13,20:45,Thursday,WILSON STATION,MUATC,4,8,N,YU,5981
2018-12-13,20:52,Thursday,ISLINGTON STATION,MUIE,0,0,,BD,0
2018-12-13,21:11,Thursday,ST GEORGE YUS STATION,MUIS,0,0,S,YU,6016
2018-12-13,21:22,Thursday,BLOOR STATION,SUDP,3,6,N,YU,5571
2018-12-13,21:49,Thursday,ROSEDALE STATION,MUPAA,0,0,N,YU,5661
2018-12-13,22:00,Thursday,YUS/BD/SHEPPARD SUBWAY,MUO,0,0,,YU/BD,0
2018-12-13,22:26,Thursday,DUPONT STATION,PUMST,0,0,,YU,0
2018-12-13,22:50,Thursday,YONGE BD STATION,MUDD,3,8,W,BD,5133
2018-12-13,23:29,Thursday,SPADINA BD STATION,SUUT,6,11,W,BD,5335
2018-12-13,23:30,Thursday,BLOOR DANFORTH SUBWAY,MUGD,0,0,,BD,0
2018-12-14,01:19,Friday,SUMMERHILL STATION,SUAP,4,9,N,YU,6021
2018-12-14,01:39,Friday,YORKDALE STATION,MUSAN,5,10,N,YU,5811
2018-12-14,05:05,Friday,YORKDALE STATION,MUNCA,0,0,,YU,0
2018-12-14,05:06,Friday,PAPE STATION,MUNCA,0,0,,BD,0
2018-12-14,05:07,Friday,QUEEN STATION,MUNCA,0,0,,YU,0
2018-12-14,05:32,Friday,FINCH STATION,TUSC,0,0,S,YU,6136
2018-12-14,05:47,Friday,WARDEN STATION,MUSC,0,0,E,BD,5248
2018-12-14,06:07,Friday,ST GEORGE BD STATION,MUSC,0,0,E,BD,5137
2018-12-14,06:30,Friday,GLENCAIRN STATION,MUATC,0,0,N,YU,6136
2018-12-14,06:34,Friday,DON MILLS STATION,TUOPO,4,9,W,SHP,6191
2018-12-14,06:50,Friday,WILSON HOSTLER,PUTDN,3,6,S,YU,5951
2018-12-14,07:00,Friday,SUMMERHILL STATION,EUNT,3,5,N,YU,5876
2018-12-14,07:04,Friday,HIGH PARK STATION,MUSC,3,7,E,BD,5320
2018-12-14,07:08,Friday,HIGH PARK STATION,MUSC,0,0,E,BD,5114
2018-12-14,07:08,Friday,OLD MILL STATION,MUSC,0,0,W,BD,5195
2018-12-14,07:11,Friday,KIPLING STATION,MUSC,0,0,W,BD,5091
2018-12-14,07:13,Friday,KIPLING STATION,MUSC,0,0,E,BD,5144
2018-12-14,07:14,Friday,KIPLING STATION,MUSC,3,5,W,BD,5174
2018-12-14,07:40,Friday,KIPLING STATION,MUSC,0,0,W,BD,5306
2018-12-14,07:56,Friday,DUPONT STATION,MUSC,0,0,S,YU,5466
2018-12-14,08:21,Friday,RUNNYMEDE STATION,EUNT,5,7,W,BD,5227
2018-12-14,08:32,Friday,EGLINTON STATION,TUMVS,4,6,N,YU,5466
2018-12-14,08:45,Friday,KIPLING STATION,MUSC,4,6,W,BD,5111
2018-12-14,08:52,Friday,DUNDAS STATION,MUIR,5,7,S,YU,6136
2018-12-14,08:58,Friday,BAY STATION,MUDD,6,8,W,BD,5139
2018-12-14,09:21,Friday,LAWRENCE WEST STATION,MUATC,0,0,N,YU,5411
2018-12-14,09:43,Friday,CHESTER STATION,MUIR,3,6,W,BD,5065
2018-12-14,10:32,Friday,FINCH STATION,TUO,3,5,N,YU,5981
2018-12-14,10:33,Friday,LAWRENCE STATION,MUPAA,0,0,N,YU,5631
2018-12-14,10:38,Friday,SHEPPARD WEST STATION,MUI,0,0,S,YU,5701
2018-12-14,10:43,Friday,WARDEN STATION,PUMEL,0,0,,BD,0
2018-12-14,10:52,Friday,VICTORIA PARK STATION,MUSC,0,0,E,BD,5128
2018-12-14,13:46,Friday,RUNNYMEDE STATION,MUIS,0,0,W,BD,0
2018-12-14,13:59,Friday,ST CLAIR WEST STATION,MUATC,3,6,N,YU,5541
2018-12-14,14:38,Friday,SHEPPARD YONGE,TUSC,0,0,W,SHP,6176
2018-12-14,15:14,Friday,RUNNYMEDE STATION,MUPAA,0,0,W,BD,5027
2018-12-14,15:15,Friday,KENNEDY BD STATION,EUBO,3,5,W,BD,5065
2018-12-14,15:34,Friday,ST GEORGE BD STATION,MUIR,0,0,W,BD,5268
2018-12-14,15:54,Friday,SCARB CTR STATION,ERTC,4,8,N,SRT,3021
2018-12-14,16:16,Friday,DON MILLS STATION,TUSC,4,8,E,SHP,6171
2018-12-14,16:19,Friday,OSSINGTON STATION,MUIS,0,0,,BD,0
2018-12-14,16:34,Friday,ST GEORGE YUS STATION,SUO,4,6,S,YU,5566
2018-12-14,17:21,Friday,SHEPPARD STATION,TUMVS,0,0,N,YU,5991
2018-12-14,17:24,Friday,DONLANDS STATION,MUI,13,15,W,BD,5200
2018-12-14,17:26,Friday,GLENCAIRN STATION,MUIS,0,0,,YU,0
2018-12-14,17:53,Friday,SPADINA YUS STATION,MUIS,0,0,,YU,0
2018-12-14,17:55,Friday,OSSINGTON STATION,TUMVS,0,0,E,BD,5167
2018-12-14,18:04,Friday,MIDLAND STATION,ERTC,6,10,S,SRT,3021
2018-12-14,18:18,Friday,ST CLAIR STATION,TUSC,0,0,S,YU,6006
2018-12-14,18:49,Friday,KENNEDY SRT STATION,MRO,7,12,N,SRT,3021
2018-12-14,18:53,Friday,SHEPPARD WEST STATION,TUNOA,3,6,N,YU,6006
2018-12-14,19:09,Friday,LAWRENCE EAST STATION,MRO,0,0,S,SRT,3004
2018-12-14,19:18,Friday,BROADVIEW STATION,MUIS,0,0,,BD,0
2018-12-14,19:27,Friday,KENNEDY BD STATION,MUSC,3,6,W,BD,5123
2018-12-14,19:30,Friday,WILSON YARD,MUSC,0,0,S,YU,5731
2018-12-14,19:37,Friday,BLOOR DANFORTH SUBWAY,MUGD,0,0,,BD,0
2018-12-14,20:23,Friday,WARDEN STATION,MUIS,0,0,,BD,0
2018-12-14,20:23,Friday,YORKDALE STATION,SUUT,4,7,N,YU,5941
2018-12-14,22:00,Friday,YUS/BD/SHEPPARD SUBWAY,MUO,0,0,,YU/BD,0
2018-12-14,22:20,Friday,SPADINA YUS STATION,SUAP,11,16,N,YU,6116
2018-12-14,22:39,Friday,VAUGHAN MC STATION,MUTO,5,10,S,YU,5441
2018-12-14,23:24,Friday,ROSEDALE STATION,MUIS,0,0,N,YU,0
2018-12-14,23:37,Friday,SHEPPARD WEST STATION,MUTO,5,10,N,YU,5851
2018-12-14,23:48,Friday,BLOOR DANFORTH SUBWAY,MUGD,0,0,,BD,0
2018-12-15,00:07,Saturday,ST CLAIR STATION,MUIS,0,0,N,YU,5701
2018-12-15,00:31,Saturday,FINCH WEST STATION,MUIS,0,0,,YU,0
2018-12-15,01:43,Saturday,EGLINTON STATION,PUMEL,0,0,,YU,0
2018-12-15,05:50,Saturday,SHEPPARD WEST STATION,MUATC,14,0,N,YU,5561
2018-12-15,05:56,Saturday,FINCH STATION,MUNOA,5,10,S,YU,0
2018-12-15,05:58,Saturday,EGLINTON STATION,MUNOA,5,10,N,YU,0
2018-12-15,07:38,Saturday,DUPONT STATION,SUDP,4,9,S,YU,5786
2018-12-15,10:09,Saturday,OSSINGTON STATION,SUAP,6,11,E,BD,5221
2018-12-15,11:07,Saturday,GREENWOOD STATION,TUSC,0,0,E,BD,5121
2018-12-15,11:54,Saturday,KIPLING STATION,TUS,6,10,E,BD,5278
2018-12-15,12:15,Saturday,BLOOR DANFORTH SUBWAY,MUGD,0,0,,BD,0
2018-12-15,13:10,Saturday,YONGE BD STATION,MUIE,0,0,,BD,0
2018-12-15,13:16,Saturday,CHESTER STATION,MUIS,0,0,,BD,0
2018-12-15,13:49,Saturday,COXWELL STATION,TUS,4,9,E,BD,5102
2018-12-15,13:55,Saturday,BLOOR STATION,PUMEL,0,0,S,YU,0
2018-12-15,14:05,Saturday,KENNEDY BD STATION,MUIS,0,0,,BD,0
2018-12-15,14:14,Saturday,BAY STATION,MUDD,9,13,E,BD,5270
2018-12-15,15:07,Saturday,RUNNYMEDE STATION,SUDP,3,7,W,BD,5181
2018-12-15,15:13,Saturday,KEELE STATION,TUSC,3,7,W,BD,5205
2018-12-15,15:32,Saturday,LANSDOWNE STATION,MUD,3,7,W,BD,5276
2018-12-15,15:42,Saturday,BLOOR STATION,SUUT,4,7,S,YU,6106
2018-12-15,16:46,Saturday,FINCH STATION,TUSC,0,0,S,YU,5436
2018-12-15,17:12,Saturday,COXWELL STATION,SUDP,8,8,W,BD,5325
2018-12-15,17:38,Saturday,FINCH STATION,PUMEL,0,0,,YU,0
2018-12-15,17:59,Saturday,CHESTER STATION,MUIS,0,0,,BD,0
2018-12-15,18:03,Saturday,FINCH WEST STATION,TUNOA,3,6,N,YU,0
2018-12-15,18:08,Saturday,FINCH WEST STATION,TUNOA,5,10,N,YU,0
2018-12-15,18:43,Saturday,VAUGHAN MC STATION,MUIS,0,0,,YU,0
2018-12-15,19:05,Saturday,BROADVIEW STATION,TUMVS,0,0,E,BD,5117
2018-12-15,19:48,Saturday,KENNEDY BD STATION,TUNOA,4,8,W,BD,5052
2018-12-15,22:00,Saturday,YUS/BD/SHEPPARD SUBWAY,MUO,0,0,,YU/BD,0
2018-12-15,22:32,Saturday,BLOOR DANFORTH SUBWAY,MUGD,0,0,,BD,0
2018-12-16,04:10,Sunday,SHEPPARD WEST STATION,MUIE,0,0,,YU,0
2018-12-16,07:40,Sunday,BLOOR STATION,MUNCA,0,0,,YU,0
2018-12-16,08:44,Sunday,MCCOWAN STATION,ERCO,7,14,S,SRT,3018
2018-12-16,09:12,Sunday,SHEPPARD STATION,MUPAA,3,8,N,YU,5991
2018-12-16,11:18,Sunday,MAIN STREET STATION,SUO,0,0,W,BD,5304
2018-12-16,11:31,Sunday,ISLINGTON STATION,EUBK,0,0,E,BD,5371
2018-12-16,11:39,Sunday,UNION STATION,PUMEL,0,0,,YU,0
2018-12-16,15:06,Sunday,CHESTER STATION,MUSC,0,0,W,BD,5142
2018-12-16,16:25,Sunday,UNION STATION,SUUT,0,0,N,YU,5771
2018-12-16,17:06,Sunday,CHRISTIE STATION,MUD,4,8,E,BD,5250
2018-12-16,17:10,Sunday,WOODBINE STATION,MUSC,0,0,W,BD,5200
2018-12-16,17:43,Sunday,FINCH STATION,MUIR,4,8,S,YU,5901
2018-12-16,17:47,Sunday,VICTORIA PARK STATION,MUIS,0,0,,BD,0
2018-12-16,18:04,Sunday,COLLEGE STATION,MUPAA,0,0,S,YU,5496
2018-12-16,18:08,Sunday,KENNEDY SRT STATION,MRPAA,0,0,N,SRT,3004
2018-12-16,18:21,Sunday,VAUGHAN MC STATION,TUATC,3,8,S,YU,5771
2018-12-16,18:34,Sunday,DUNDAS STATION,MUIRS,7,12,S,YU,5726
2018-12-16,18:38,Sunday,SPADINA BD STATION,MUPAA,0,0,W,BD,5535
2018-12-16,19:08,Sunday,ST CLAIR STATION,MUPAA,3,8,N,YU,5771
2018-12-16,19:10,Sunday,GLENCAIRN STATION,MUPAA,3,8,S,YU,5761
2018-12-16,19:36,Sunday,SHEPPARD STATION,SUDP,4,9,S,YU,5776
2018-12-16,19:37,Sunday,KING STATION,SUDP,3,8,S,YU,5921
2018-12-16,19:57,Sunday,VAUGHAN MC STATION,TUNIP,3,8,S,YU,6091
2018-12-16,20:00,Sunday,DAVISVILLE STATION,MUIR,4,9,N,YU,5391
2018-12-16,20:40,Sunday,SHEPPARD WEST STATION,MUTO,3,8,S,YU,5926
2018-12-16,21:54,Sunday,MCCOWAN STATION,TRNIP,0,0,S,SRT,3018
2018-12-16,22:00,Sunday,YUS/BD/SHEPPARD SUBWAY,MUO,0,0,,YU/BD,0
2018-12-16,22:22,Sunday,BLOOR DANFORTH SUBWAY,MUGD,0,0,,BD,0
2018-12-16,23:02,Sunday,ST GEORGE BD STATION,MUIR,11,15,W,BD,5270
2018-12-16,23:13,Sunday,BROADVIEW STATION,SUO,4,8,E,BD,5014
2018-12-17,00:37,Monday,NORTH YORK CTR STATION,MUIS,0,0,S,YU,0
2018-12-17,00:44,Monday,ST CLAIR WEST STATION,MUATC,15,20,N,YU,5866
2018-12-17,01:22,Monday,ELLESMERE STATION,MRTO,0,0,S,SRT,3024
2018-12-17,01:31,Monday,DOWNSVIEW PARK STATION,MUATC,12,17,S,YU,5851
2018-12-17,02:20,Monday,PIONEER VILLAGE STATIO,SUUT,0,0,S,YU,5761
2018-12-17,06:13,Monday,WILSON STATION,TUNIP,3,6,S,YU,5636
2018-12-17,06:15,Monday,KENNEDY BD STATION,EUNT,3,7,E,BD,5030
2018-12-17,06:20,Monday,NORTH YORK CTR STATION,PUSI,0,0,N,YU,5431
2018-12-17,06:28,Monday,COXWELL STATION,MUSC,0,0,E,BD,5192
2018-12-17,06:34,Monday,COXWELL STATION,MUSC,0,0,E,BD,5296
2018-12-17,06:41,Monday,FINCH STATION,TUNIP,0,0,S,YU,6016
2018-12-17,06:45,Monday,KIPLING STATION,MUSC,0,0,E,BD,5130
2018-12-17,07:15,Monday,NORTH YORK CTR STATION,PUSI,0,0,N,YU,5636
2018-12-17,07:16,Monday,FINCH STATION,MUSC,0,0,S,YU,5466
2018-12-17,07:23,Monday,WILSON STATION,TUNIP,3,6,S,YU,5871
2018-12-17,07:26,Monday,NORTH YORK CTR STATION,PUSI,0,0,N,YU,5471
2018-12-17,07:27,Monday,KENNEDY BD STATION,EUNT,3,5,W,BD,5133
2018-12-17,07:32,Monday,DONLANDS STATION,TUSC,0,0,E,BD,5038
2018-12-17,07:41,Monday,NORTH YORK CTR STATION,PUSI,0,0,N,YU,5406
2018-12-17,07:52,Monday,QUEEN'S PARK STATION,TUSC,0,0,S,YU,5846
2018-12-17,07:54,Monday,NORTH YORK CTR STATION,PUSI,0,0,N,YU,6071
2018-12-17,08:05,Monday,NORTH YORK CTR STATION,PUSI,0,0,N,YU,6086
2018-12-17,08:14,Monday,NORTH YORK CTR STATION,PUSI,0,0,N,YU,5981
2018-12-17,08:22,Monday,FINCH STATION,TUNIP,0,0,S,YU,5981
2018-12-17,08:25,Monday,DUPONT STATION,MUATC,4,6,N,YU,5546
2018-12-17,08:30,Monday,NORTH YORK CTR STATION,PUSI,0,0,N,YU,5491
2018-12-17,08:35,Monday,ST GEORGE YUS STATION,MUIS,0,0,N,YU,0
2018-12-17,08:37,Monday,DAVISVILLE STATION,MUIR,6,8,S,YU,5986
2018-12-17,09:11,Monday,KENNEDY BD STATION,MUSC,0,0,W,BD,5123
2018-12-17,09:36,Monday,CHRISTIE STATION,TUSC,0,0,W,BD,5358
2018-12-17,09:43,Monday,ST CLAIR WEST STATION,MUSC,0,0,S,YU,5836
2018-12-17,10:06,Monday,NORTH YORK CTR STATION,PUSI,0,0,N,YU,5511
2018-12-17,10:16,Monday,BLOOR STATION,MUIS,0,0,N,YU,0
2018-12-17,10:40,Monday,VAUGHAN MC STATION,TUNIP,3,5,S,YU,5461
2018-12-17,10:54,Monday,DUPONT STATION,TUATC,4,6,N,YU,6071
2018-12-17,11:10,Monday,SCARB CTR STATION,PREL,0,0,,SRT,0
2018-12-17,11:16,Monday,KENNEDY SRT STATION,ERRA,6,11,N,SRT,3003
2018-12-17,11:23,Monday,YORK MILLS STATION,TUSC,0,0,S,YU,6026
2018-12-17,11:31,Monday,GREENWOOD STATION,MUIS,0,0,,BD,0
2018-12-17,12:03,Monday,SHERBOURNE STATION,SUAP,0,0,,BD,0
2018-12-17,12:53,Monday,KENNEDY BD STATION,MUSC,0,0,W,BD,5123
2018-12-17,13:00,Monday,ST CLAIR STATION,TUOS,3,6,S,YU,5966
2018-12-17,13:14,Monday,NORTH YORK CTR STATION,PUSI,0,0,N,YU,6001
2018-12-17,13:25,Monday,JANE STATION,TUSC,0,0,W,BD,5358
2018-12-17,14:18,Monday,KENNEDY BD STATION,EUBO,3,6,W,BD,5170
2018-12-17,14:31,Monday,KEELE STATION,SUDP,3,6,E,BD,5306
2018-12-17,15:00,Monday,FINCH STATION,MUSC,0,0,N,YU,5466
2018-12-17,15:06,Monday,NORTH YORK CTR STATION,PUSI,0,0,N,YU,5926
2018-12-17,15:47,Monday,MUSEUM STATION,MUIS,0,0,,YU,0
2018-12-17,16:04,Monday,KENNEDY BD STATION,EUBO,3,5,W,BD,0
2018-12-17,16:22,Monday,SPADINA YUS STATION,MUSC,0,0,S,YU,5906
2018-12-17,16:32,Monday,VAUGHAN MC STATION,PUMEL,0,0,,YU,0
2018-12-17,16:40,Monday,KENNEDY BD STATION,TUSC,0,0,W,BD,5163
2018-12-17,16:51,Monday,NORTH YORK CTR STATION,PUSI,0,0,N,YU,5598
2018-12-17,16:58,Monday,YORK MILLS STATION,MUIR,0,0,N,YU,5916
2018-12-17,17:38,Monday,NORTH YORK CTR STATION,PUSI,0,0,N,YU,5586
2018-12-17,17:41,Monday,NORTH YORK CTR STATION,PUSI,0,0,N,YU,5991
2018-12-17,17:45,Monday,YONGE BD STATION,MUSC,0,0,E,BD,5111
2018-12-17,17:48,Monday,EGLINTON WEST STATION,MUPAA,0,0,N,YU,5546
2018-12-17,17:52,Monday,NORTH YORK CTR STATION,PUSI,0,0,N,YU,5636
2018-12-17,18:20,Monday,DOWNSVIEW PARK STATION,MUATC,5,7,N,YU,5911
2018-12-17,18:24,Monday,ST GEORGE YUS STATION,TUMVS,3,5,N,YU,6001
2018-12-17,18:49,Monday,NORTH YORK CTR STATION,PUSI,0,0,N,YU,5471
2018-12-17,19:41,Monday,SUMMERHILL STATION,SUO,3,5,N,YU,5426
2018-12-17,20:00,Monday,ST GEORGE YUS STATION,SUDP,11,15,N,YU,5561
2018-12-17,21:03,Monday,NORTH YORK CTR STATION,MUPAA,4,7,N,YU,5826
2018-12-17,21:23,Monday,VAUGHAN MC STATION,MUPAA,0,0,S,YU,5541
2018-12-17,21:43,Monday,WARDEN STATION,MUSC,0,0,E,BD,5111
2018-12-17,21:57,Monday,DAVISVILLE STATION,PUTDN,10,15,S,YU,6066
2018-12-17,22:00,Monday,YUS/BD/SHEPPARD SUBWAY,MUO,0,0,,YU/BD,0
2018-12-17,22:27,Monday,VAUGHAN MC STATION,MUATC,5,10,S,YU,5761
2018-12-17,22:35,Monday,YUS/BD/SHEPPARD SUBWAY,MUGD,0,0,,YU,0
2018-12-17,22:49,Monday,KIPLING STATION,PUSNT,0,0,E,BD,5111
2018-12-17,23:10,Monday,LANSDOWNE STATION,MUGD,0,0,,BD,0
2018-12-17,23:54,Monday,UNION STATION,TUMVS,0,0,S,YU,5621
2018-12-18,00:16,Tuesday,HIGH PARK STATION,MUDD,0,0,W,BD,5102
2018-12-18,05:07,Tuesday,LAWRENCE WEST TO EGLIN,PUTWZ,5,0,,YU,0
2018-12-18,05:35,Tuesday,DONLANDS STATION,MUSC,0,0,W,BD,5170
2018-12-18,05:47,Tuesday,KENNEDY BD STATION,TUSC,0,0,W,BD,5371
2018-12-18,07:03,Tuesday,FINCH STATION,MUSC,0,0,S,YU,5051
2018-12-18,07:05,Tuesday,ST GEORGE YUS STATION,MUSC,0,0,S,YU,6131
2018-12-18,07:07,Tuesday,FINCH STATION,MUSC,0,0,S,YU,5466
2018-12-18,07:23,Tuesday,BATHURST STATION,MUIS,0,0,,BD,0
2018-12-18,07:24,Tuesday,GREENWOOD STATION,TUSC,0,0,E,BD,5002
2018-12-18,07:48,Tuesday,KENNEDY BD STATION,MUSC,0,0,W,BD,5093
2018-12-18,07:53,Tuesday,EGLINTON STATION,MUIR,5,7,N,YU,5436
2018-12-18,07:59,Tuesday,KIPLING STATION,EUSC,0,0,E,BD,5111
2018-12-18,08:10,Tuesday,KIPLING STATION,TUS,4,6,E,BD,5030
2018-12-18,08:26,Tuesday,DUNDAS WEST STATION,MUSC,0,0,E,BD,5077
2018-12-18,08:26,Tuesday,LAWRENCE STATION,PUSNT,0,0,S,YU,5451
2018-12-18,08:33,Tuesday,ST GEORGE YUS STATION,MUPAA,0,0,S,YU,5511
2018-12-18,08:39,Tuesday,KIPLING STATION,MUSC,0,0,E,BD,5002
2018-12-18,08:48,Tuesday,DAVISVILLE STATION,MUIR,3,5,S,YU,6016
2018-12-18,09:57,Tuesday,BAYVIEW STATION,PUSTS,3,9,W,SHP,6141
2018-12-18,10:39,Tuesday,KING STATION,MUIS,0,0,,YU,0
2018-12-18,10:50,Tuesday,DUPONT STATION,MUATC,0,0,N,YU,6036
2018-12-18,12:16,Tuesday,WILSON CARHOUSE,PUMO,0,0,,YU,0
2018-12-18,12:22,Tuesday,WARDEN STATION,EUSC,0,0,E,BD,5111
2018-12-18,12:31,Tuesday,DAVISVILLE YARD,MUPLB,0,0,S,YU,5736
2018-12-18,14:05,Tuesday,DAVISVILLE STATION,MUIS,0,0,,YU,0
2018-12-18,14:17,Tuesday,KIPLING STATION,PUMEL,0,0,,BD,0
2018-12-18,15:23,Tuesday,MCCOWAN STATION,ERTC,5,10,N,SRT,3027
2018-12-18,15:45,Tuesday,COLLEGE STATION,PUMEL,0,0,,YU,0
2018-12-18,16:05,Tuesday,OLD MILL STATION,TUSC,0,0,W,BD,5314
2018-12-18,16:55,Tuesday,ST GEORGE YUS STATION,MUIR,4,6,N,YU,6136
2018-12-18,17:06,Tuesday,BLOOR STATION,MUIRS,0,0,S,YU,0
2018-12-18,17:42,Tuesday,CHESTER STATION,MUIR,0,0,W,BD,5088
2018-12-18,17:46,Tuesday,ST GEORGE BD STATION,PUMO,0,0,,BD,0
2018-12-18,18:06,Tuesday,KENNEDY BD STATION,MUI,8,10,E,BD,5102
2018-12-18,18:15,Tuesday,KING STATION,MUPAA,0,0,N,YU,6001
2018-12-18,18:22,Tuesday,WELLESLEY STATION,SUUT,13,15,S,YU,5781
2018-12-18,18:46,Tuesday,VAUGHAN MC STATION,MUIS,0,0,,YU,0
2018-12-18,18:48,Tuesday,WOODBINE STATION,TUSC,0,0,E,BD,5191
2018-12-18,20:00,Tuesday,LESLIE STATION,SUDP,4,11,E,SHP,6191
2018-12-18,20:02,Tuesday,BAY STATION,MUDD,3,6,E,BD,5306
2018-12-18,20:02,Tuesday,YORK MILLS STATION,TUOS,0,0,S,YU,5526
2018-12-18,20:40,Tuesday,ELLESMERE STATION,ERDO,3,12,N,SRT,3009
2018-12-18,21:44,Tuesday,JANE STATION,SUUT,13,17,W,BD,5139
2018-12-18,21:54,Tuesday,DON MILLS STATION,MUPAA,0,0,W,SHP,6196
2018-12-18,22:00,Tuesday,YUS/BD/SHEPPARD SUBWAY,MUO,0,0,,YU/BD,0
2018-12-18,22:25,Tuesday,ROSEDALE STATION,MUPAA,0,0,S,YU,5881
2018-12-18,23:00,Tuesday,BLOOR DANFORTH SUBWAY,MUGD,0,0,,BD,0
2018-12-18,23:09,Tuesday,WARDEN STATION,MUSC,0,0,E,BD,5296
2018-12-18,23:32,Tuesday,ISLINGTON STATION,PUSSW,0,0,W,BD,5106
2018-12-18,23:56,Tuesday,KIPLING STATION,MUDD,5,9,E,BD,5102
2018-12-19,00:10,Wednesday,MIDLAND STATION,MRUI,20,26,E,SRT,3025
2018-12-19,01:09,Wednesday,VICTORIA PARK STATION,SUAP,6,10,E,BD,5066
2018-12-19,01:18,Wednesday,FINCH STATION,MUTD,9,14,S,YU,5651
2018-12-19,05:54,Wednesday,COXWELL STATION,MUSC,0,0,E,BD,5139
2018-12-19,05:56,Wednesday,GREENWOOD STATION,TUNOA,6,11,E,BD,5296
2018-12-19,06:07,Wednesday,COXWELL STATION,MUSC,0,0,E,BD,5296
2018-12-19,06:38,Wednesday,GREENWOOD STATION,MUNOA,3,6,E,BD,0
2018-12-19,06:40,Wednesday,KIPLING STATION,MUSC,0,0,E,BD,5360
2018-12-19,06:51,Wednesday,KEELE STATION,MUTO,3,6,W,BD,5169
2018-12-19,06:53,Wednesday,FINCH STATION,MUSC,0,0,S,YU,6781
2018-12-19,07:00,Wednesday,GREENWOOD STATION,TUNOA,3,6,E,BD,0
2018-12-19,07:15,Wednesday,GREENWOOD STATION,MUSC,0,0,E,BD,5120
2018-12-19,07:22,Wednesday,KENNEDY BD STATION,SUDP,0,0,,BD,0
2018-12-19,07:22,Wednesday,WILSON HOSTLER,TUNIP,4,6,S,YU,5776
2018-12-19,07:25,Wednesday,KEELE STATION,EUBK,3,5,E,BD,5137
2018-12-19,07:56,Wednesday,CASTLE FRANK STATION,MUIR,3,5,W,BD,5157
2018-12-19,07:58,Wednesday,KIPLING STATION,MUTO,5,7,E,BD,5102
2018-12-19,08:04,Wednesday,DUNDAS WEST STATION,TUSC,8,10,E,BD,5191
2018-12-19,08:13,Wednesday,COLLEGE STATION,MUIS,0,0,,YU,0
2018-12-19,08:29,Wednesday,MUSEUM STATION,MUPAA,0,0,S,YU,5666
2018-12-19,08:43,Wednesday,SPADINA BD STATION,MUIR,0,0,E,BD,5135
2018-12-19,08:49,Wednesday,SUMMERHILL STATION,MUPAA,0,0,S,YU,6021
2018-12-19,09:39,Wednesday,VICTORIA PARK STATION,TUMVS,0,0,W,BD,5268
2018-12-19,10:20,Wednesday,KIPLING STATION,EUDO,4,7,E,BD,5363
2018-12-19,11:06,Wednesday,BAY STATION,MUIS,0,0,W,BD,5146
2018-12-19,11:20,Wednesday,BLOOR DANFORTH SUBWAY,MUGD,0,0,,BD,0
2018-12-19,11:58,Wednesday,JANE STATION,MUIS,0,0,,BD,0
2018-12-19,12:41,Wednesday,WELLESLEY STATION,SUUT,29,35,N,YU,5826
2018-12-19,12:59,Wednesday,KIPLING STATION,EUDO,3,6,E,BD,5139
2018-12-19,13:14,Wednesday,WARDEN STATION,SUAP,0,0,,BD,0
2018-12-19,13:56,Wednesday,DUNDAS STATION,MUNCA,0,0,,YU,0
2018-12-19,14:31,Wednesday,SHERBOURNE STATION,SUDP,6,9,W,BD,5087
2018-12-19,14:49,Wednesday,DONLANDS STATION,TUNOA,3,5,W,BD,0
2018-12-19,14:51,Wednesday,LANSDOWNE STATION,MUTO,3,6,W,BD,5087
2018-12-19,15:14,Wednesday,WELLESLEY STATION,MUIS,0,0,,YU,0
2018-12-19,15:25,Wednesday,EGLINTON STATION,SUDP,4,6,N,YU,6041
2018-12-19,15:42,Wednesday,GLENCAIRN STATION,PUMST,0,0,,YU,0
2018-12-19,16:01,Wednesday,KIPLING STATION,MUSC,0,0,E,BD,5137
2018-12-19,16:29,Wednesday,KENNEDY BD STATION,MUPAA,0,0,E,BD,5319
2018-12-19,16:33,Wednesday,COXWELL STATION,MUTO,0,0,E,BD,5114
2018-12-19,16:44,Wednesday,WARDEN STATION,MUSC,0,0,W,BD,5191
2018-12-19,16:58,Wednesday,SUMMERHILL STATION,SUDP,6,8,S,YU,5726
2018-12-19,17:03,Wednesday,WILSON YARD,EUVE,3,6,S,YU,0
2018-12-19,17:08,Wednesday,KENNEDY BD STATION,EUBK,0,0,E,BD,5114
2018-12-19,17:16,Wednesday,KENNEDY BD STATION,MUIR,3,6,W,BD,5163
2018-12-19,17:36,Wednesday,GREENWOOD STATION,TUMVS,4,6,W,BD,5304
2018-12-19,17:37,Wednesday,KENNEDY BD STATION,PUMEL,0,0,,BD,0
2018-12-19,17:59,Wednesday,LAWRENCE WEST STATION,MUPR1,163,165,N,YU,5991
2018-12-19,18:32,Wednesday,ST CLAIR STATION,MUIS,0,0,,YU,0
2018-12-19,19:27,Wednesday,KENNEDY BD STATION,SUO,0,0,W,BD,5044
2018-12-19,19:46,Wednesday,GREENWOOD STATION,MUIRS,0,0,W,BD,5055
2018-12-19,19:48,Wednesday,DUNDAS WEST STATION,MUIS,0,0,W,BD,0
2018-12-19,19:48,Wednesday,RUNNYMEDE STATION,MUI,3,6,E,BD,5109
2018-12-19,19:51,Wednesday,KIPLING STATION,TUMVS,0,0,W,BD,5035
2018-12-19,19:52,Wednesday,ST CLAIR WEST STATION,MUIS,0,0,N,YU,0
2018-12-19,19:53,Wednesday,FINCH STATION,TUMVS,0,0,N,YU,5666
2018-12-19,20:26,Wednesday,MUSEUM STATION,MUSC,0,0,N,YU,5941
2018-12-19,20:29,Wednesday,DUFFERIN STATION,MUI,10,13,W,BD,5087
2018-12-19,20:33,Wednesday,BAY STATION,MUIR,0,0,E,BD,5299
2018-12-19,20:33,Wednesday,WARDEN STATION,EUPI,3,6,W,BD,5191
2018-12-19,20:45,Wednesday,LAWRENCE EAST STATION,TRNCA,0,0,,SRT,0
2018-12-19,20:48,Wednesday,KENNEDY BD STATION,MUNCA,0,0,,BD,0
2018-12-19,21:02,Wednesday,NORTH YORK CTR STATION,SUDP,3,6,N,YU,5761
2018-12-19,22:00,Wednesday,YUS/BD/SHEPPARD SUBWAY,MUO,0,0,,YU/BD,0
2018-12-19,22:05,Wednesday,SPADINA YUS STATION,SUDP,0,0,N,YU,5611
2018-12-19,23:00,Wednesday,BLOOR DANFORTH SUBWAY,MUGD,0,0,,BD,0
2018-12-19,23:00,Wednesday,JANE STATION,EUDO,10,14,E,BD,5069
2018-12-19,23:02,Wednesday,FINCH STATION,MUPAA,0,0,S,YU,5686
2018-12-19,23:03,Wednesday,ISLINGTON STATION,MUIS,0,0,,BD,0
2018-12-19,23:10,Wednesday,YUS/BD/SHEPPARD SUBWAY,MUGD,0,0,,YU,0
2018-12-20,00:50,Thursday,OLD MILL STATION,EUSC,0,0,E,BD,5350
2018-12-20,01:31,Thursday,SHEPPARD WEST STATION,MUI,0,0,S,YU,5541
2018-12-20,01:40,Thursday,MAIN STREET STATION,EUSC,3,8,W,BD,5336
2018-12-20,01:41,Thursday,DAVISVILLE YARD,MUO,0,0,,YU,0
2018-12-20,02:04,Thursday,KIPLING STATION,MUI,5,10,E,BD,5346
2018-12-20,02:05,Thursday,YONGE BD STATION,MUIS,0,0,N,BD,0
2018-12-20,06:29,Thursday,DOWNSVIEW PARK STATION,MUATC,5,9,S,YU,5721
2018-12-20,06:54,Thursday,WOODBINE STATION,MUSC,0,0,E,BD,5155
2018-12-20,07:12,Thursday,COXWELL STATION,MUSC,0,0,E,BD,5146
2018-12-20,07:32,Thursday,ST GEORGE YUS STATION,MUIR,3,5,N,YU,5886
2018-12-20,07:44,Thursday,KENNEDY BD STATION,EUDO,5,7,W,BD,5363
2018-12-20,07:47,Thursday,DUPONT STATION,TUATC,9,11,N,YU,5511
2018-12-20,08:05,Thursday,COXWELL STATION,MUTO,0,0,E,BD,5072
2018-12-20,09:04,Thursday,MAIN STREET STATION,MUPF,4,6,E,BD,5144
2018-12-20,09:27,Thursday,WARDEN STATION,TUSC,9,12,W,BD,5117
2018-12-20,10:25,Thursday,BLOOR STATION,MUIR,3,6,N,YU,5426
2018-12-20,12:19,Thursday,COLLEGE STATION,SUDP,0,0,N,YU,5911
2018-12-20,13:01,Thursday,KIPLING STATION,MUSC,0,0,E,BD,5125
2018-12-20,13:44,Thursday,ISLINGTON STATION,MUIR,0,0,E,BD,5243
2018-12-20,13:47,Thursday,BLOOR STATION,MUSAN,6,9,S,YU,5866
2018-12-20,13:59,Thursday,DON MILLS STATION,TUMVS,5,10,E,SHP,6191
2018-12-20,15:16,Thursday,GREENWOOD PORTAL,EUSC,0,0,W,BD,5363
2018-12-20,15:58,Thursday,KENNEDY BD STATION,TUMVS,5,7,E,BD,5335
2018-12-20,16:25,Thursday,YORK MILLS STATION,TUSC,0,0,S,YU,5526
2018-12-20,16:39,Thursday,VAUGHAN MC STATION,MUSAN,3,8,S,YU,5416
2018-12-20,17:42,Thursday,OSGOODE STATION,SUDP,0,0,S,YU,5771
2018-12-20,17:43,Thursday,OLD MILL STATION,MUIR,4,6,W,BD,5153
2018-12-20,17:46,Thursday,UNION STATION,PUMEL,0,0,,YU,0
2018-12-20,17:53,Thursday,KIPLING STATION,MUSC,0,0,E,BD,5122
2018-12-20,18:04,Thursday,GREENWOOD STATION,MUPAA,0,0,E,BD,5169
2018-12-20,18:08,Thursday,SHERBOURNE STATION,MUIS,0,0,,BD,0
2018-12-20,18:50,Thursday,KING STATION,PUSNT,0,0,N,YU,5666
2018-12-20,18:52,Thursday,MAIN STREET STATION,SUDP,0,0,,BD,0
2018-12-20,20:30,Thursday,ISLINGTON STATION,EUSC,0,0,W,BD,5276
2018-12-20,20:31,Thursday,ISLINGTON STATION,TUMVS,0,0,W,BD,5163
2018-12-20,20:37,Thursday,HIGH PARK STATION,MUSC,0,0,W,BD,5038
2018-12-20,20:49,Thursday,ST GEORGE YUS STATION,MUIS,0,0,N,YU,0
2018-12-20,20:53,Thursday,VICTORIA PARK STATION,EUSC,0,0,E,BD,5072
2018-12-20,21:31,Thursday,HIGH PARK STATION,MUSC,0,0,E,BD,5181
2018-12-20,21:49,Thursday,WELLESLEY STATION,SUO,9,14,N,YU,5681
2018-12-20,22:00,Thursday,YUS/BD/SHEPPARD SUBWAY,MUO,0,0,,YU/BD,0
2018-12-20,22:40,Thursday,VAUGHAN MC STATION,MUO,5,10,,YU,5451
2018-12-20,23:28,Thursday,DUPONT STATION,MUIS,0,0,N,YU,5811
2018-12-20,23:50,Thursday,BLOOR DANFORTH SUBWAY,MUGD,0,0,,BD,0
2018-12-21,00:21,Friday,BLOOR STATION,MUIS,0,0,N,YU,0
2018-12-21,00:25,Friday,WARDEN STATION,SUSP,3,7,W,BD,5165
2018-12-21,01:00,Friday,CHRISTIE STATION,TUSC,0,0,E,BD,5363
2018-12-21,01:19,Friday,FINCH STATION,MUSAN,5,10,S,YU,5931
2018-12-21,01:52,Friday,BLOOR STATION,MUO,0,0,N,YU,5751
2018-12-21,05:44,Friday,DUFFERIN STATION,MUNCA,0,0,,BD,0
2018-12-21,06:08,Friday,WILSON STATION,MUCL,3,6,S,YU,5501
2018-12-21,06:37,Friday,KIPLING STATION,MUSC,0,0,E,BD,5102
2018-12-21,06:39,Friday,HIGH PARK STATION,MUSC,0,0,W,BD,5208
2018-12-21,06:50,Friday,COXWELL STATION,MUSC,0,0,E,BD,5155
2018-12-21,06:59,Friday,WARDEN STATION,MUSC,0,0,E,BD,5195
2018-12-21,07:10,Friday,OLD MILL STATION,MUSC,0,0,E,BD,5038
2018-12-21,07:18,Friday,VICTORIA PARK STATION,MUSC,0,0,W,BD,5161
2018-12-21,07:29,Friday,WILSON STATION,MUO,3,5,S,YU,5936
2018-12-21,08:00,Friday,DUPONT STATION,TUATC,5,7,N,YU,5661
2018-12-21,08:10,Friday,ISLINGTON STATION,MUSC,0,0,W,BD,5272
2018-12-21,08:46,Friday,DUPONT STATION,MUATC,5,7,N,YU,5581
2018-12-21,09:05,Friday,SUMMERHILL STATION,TUMVS,0,0,S,YU,6061
2018-12-21,09:06,Friday,ROSEDALE STATION,MUIR,12,14,N,YU,6046
2018-12-21,09:10,Friday,PAPE STATION,MUIS,0,0,E,BD,0
2018-12-21,09:39,Friday,KING STATION,PUSNT,0,0,N,YU,5791
2018-12-21,09:54,Friday,VICTORIA PARK STATION,EUPI,4,6,E,BD,5035
2018-12-21,10:13,Friday,JANE STATION,TUSC,0,0,W,BD,5149
2018-12-21,10:15,Friday,WARDEN STATION,MUSC,0,0,W,BD,5270
2018-12-21,10:33,Friday,VAUGHAN MC STATION,MUO,3,6,S,YU,5731
2018-12-21,10:54,Friday,DAVISVILLE STATION,SUDP,6,9,S,YU,5781
2018-12-21,11:19,Friday,DUPONT STATION,MUATC,11,14,S,YU,6126
2018-12-21,11:29,Friday,UNION STATION,EUSC,0,0,S,YU,5581
2018-12-21,12:34,Friday,HIGH PARK STATION,MUIS,0,0,E,BD,5144
2018-12-21,12:42,Friday,KING STATION,PUSI,0,0,N,YU,5436
2018-12-21,12:44,Friday,BATHURST STATION,MUIS,0,0,,BD,0
2018-12-21,12:50,Friday,BATHURST STATION,MUDD,0,0,E,BD,5306
2018-12-21,12:50,Friday,EGLINTON STATION,SUDP,5,8,N,YU,5651
2018-12-21,13:06,Friday,WARDEN STATION,TUSC,0,0,W,BD,5153
2018-12-21,13:33,Friday,COXWELL STATION,MUIS,0,0,,BD,0
2018-12-21,14:17,Friday,PAPE STATION,SUDP,0,0,,BD,0
2018-12-21,14:22,Friday,MCCOWAN STATION,MRO,4,10,S,SRT,3004
2018-12-21,14:52,Friday,NORTH YORK CTR STATION,MUIR,0,0,N,YU,5386
2018-12-21,14:53,Friday,DUNDAS WEST STATION,TUSC,0,0,W,BD,5248
2018-12-21,14:58,Friday,WILSON GARAGE,PUMO,0,0,,YU,0
2018-12-21,15:10,Friday,CHRISTIE STATION,MUIS,0,0,,BD,0
2018-12-21,15:13,Friday,WILSON STATION,PUMO,3,5,S,YU,5686
2018-12-21,15:42,Friday,KING STATION,PUSI,0,0,N,YU,5786
2018-12-21,15:50,Friday,KING STATION,PUSNT,0,0,N,YU,5646
2018-12-21,16:10,Friday,FINCH STATION,SUAP,0,0,,YU,0
2018-12-21,16:19,Friday,HIGH PARK STATION,MUD,0,0,W,BD,5042
2018-12-21,16:19,Friday,SCARB CTR STATION,MRD,3,8,S,SRT,3010
2018-12-21,16:47,Friday,BLOOR STATION,MUIS,0,0,N,YU,0
2018-12-21,16:51,Friday,WARDEN STATION,EUSC,0,0,W,BD,5149
2018-12-21,17:04,Friday,CHESTER STATION,MUI,8,10,E,BD,5035
2018-12-21,17:35,Friday,CHRISTIE STATION,TUSC,0,0,E,BD,5112
2018-12-21,18:07,Friday,COXWELL STATION,MUCL,9,12,W,BD,5200
2018-12-21,19:03,Friday,ST CLAIR WEST STATION,MUPAA,0,0,S,YU,5576
2018-12-21,19:36,Friday,QUEEN'S PARK STATION,TUSC,0,0,S,YU,5586
2018-12-21,19:45,Friday,BLOOR DANFORTH SUBWAY,MUGD,0,0,,BD,0
2018-12-21,19:46,Friday,JANE STATION,SUDP,0,0,E,BD,5335
2018-12-21,20:03,Friday,BAY STATION,SUDP,0,0,E,BD,0
2018-12-21,20:11,Friday,CHESTER STATION,MUIR,0,0,E,BD,5044
2018-12-21,20:55,Friday,DUPONT STATION,MUATC,6,10,N,YU,5766
2018-12-21,21:35,Friday,JANE STATION,TUSC,0,0,W,BD,5055
2018-12-21,22:00,Friday,YUS/BD/SHEPPARD SUBWAY,MUO,0,0,,YU/BD,0
2018-12-21,22:43,Friday,FINCH WEST STATION,MUIRS,0,0,S,YU,0
2018-12-21,23:08,Friday,BLOOR DANFORTH SUBWAY,MUGD,0,0,,BD,0
2018-12-21,23:15,Friday,PIONEER VILLAGE STATIO,MUIS,0,0,,YU,0
2018-12-21,23:49,Friday,SHEPPARD WEST STATION,EUOE,6,11,N,YU,5841
2018-12-22,00:52,Saturday,UNION STATION,SUUT,3,8,N,YU,5941
2018-12-22,01:09,Saturday,KING STATION,MUIRS,0,0,N,YU,0
2018-12-22,01:42,Saturday,SHEPPARD WEST STATION,MUIS,0,0,,YU,0
2018-12-22,02:29,Saturday,GREENWOOD STATION,MUSC,0,0,E,BD,5035
2018-12-22,05:14,Saturday,WELLESLEY STATION,MUNCA,0,0,,YU,0
2018-12-22,05:42,Saturday,FINCH STATION,TUSC,0,0,S,YU,5756
2018-12-22,05:46,Saturday,FINCH STATION,TUSC,0,0,S,YU,5636
2018-12-22,05:55,Saturday,UNION STATION,PUTWZ,5,0,N,YU,5546
2018-12-22,06:01,Saturday,GREENWOOD YARD,EUSC,0,0,E,BD,5120
2018-12-22,06:17,Saturday,KING STATION,PUSNT,0,0,N,YU,5616
2018-12-22,07:15,Saturday,KING STATION,PUSTS,0,0,N,YU,6096
2018-12-22,07:41,Saturday,DUPONT STATION,MUSC,0,0,S,YU,5706
2018-12-22,07:42,Saturday,YORK MILLS STATION,PUSTS,0,0,S,YU,6101
2018-12-22,09:29,Saturday,FINCH WEST STATION,MUIS,0,0,,YU,0
2018-12-22,11:30,Saturday,BLOOR DANFORTH SUBWAY,MUO,0,0,,BD,0
2018-12-22,12:02,Saturday,JANE STATION,TUSC,0,0,W,BD,5342
2018-12-22,12:49,Saturday,ST GEORGE YUS STATION,EUPI,16,19,S,YU,5381
2018-12-22,13:00,Saturday,HIGH PARK STATION,MUIS,0,0,,BD,0
2018-12-22,13:59,Saturday,QUEEN STATION,SUO,4,7,S,YU,5706
2018-12-22,15:25,Saturday,UNION STATION,MUIS,0,0,,YU,0
2018-12-22,15:37,Saturday,UNION STATION,EUNT,4,7,S,YU,6086
2018-12-22,15:47,Saturday,PAPE STATION,MUPAA,0,0,E,BD,5178
2018-12-22,15:52,Saturday,KING STATION,PUMEL,0,0,,YU,0
2018-12-22,16:10,Saturday,SPADINA YUS STATION,TUSC,0,0,S,YU,5616
2018-12-22,16:46,Saturday,PIONEER VILLAGE STATIO,MUIR,12,16,S,YU,5766
2018-12-22,17:27,Saturday,VICTORIA PARK STATION,SUCOL,4,9,W,BD,5233
2018-12-22,18:30,Saturday,WILSON STATION,SUDP,0,0,N,YU,6101
2018-12-22,18:36,Saturday,EGLINTON WEST STATION,MUPAA,0,0,N,YU,6091
2018-12-22,18:44,Saturday,DUFFERIN STATION,PUMST,0,0,,BD,0
2018-12-22,19:11,Saturday,WARDEN STATION,MUPAA,0,0,W,BD,5087
2018-12-22,19:29,Saturday,DUNDAS STATION,MUPAA,3,8,N,YU,5426
2018-12-22,20:21,Saturday,MAIN STREET STATION,MUIS,0,0,W,BD,0
2018-12-22,20:30,Saturday,COLLEGE STATION,MUPAA,3,8,N,YU,5631
2018-12-22,20:30,Saturday,PAPE STATION,MUIS,0,0,,BD,0
2018-12-22,22:00,Saturday,YUS/BD/SHEPPARD SUBWAY,MUO,0,0,,YU/BD,0
2018-12-22,22:45,Saturday,YORK MILLS STATION,TUMVS,5,10,N,YU,5976
2018-12-22,23:00,Saturday,YUS/BD/SHEPPARD SUBWAY,MUGD,0,0,,YU,0
2018-12-22,23:06,Saturday,BLOOR DANFORTH SUBWAY,MUGD,0,0,,BD,0
2018-12-23,01:41,Sunday,DAVISVILLE YARD,EUOE,0,0,N,YU,5521
2018-12-23,07:55,Sunday,DAVISVILLE STATION,PUSI,5,10,S,YU,5411
2018-12-23,08:19,Sunday,WILSON STATION,EUATC,10,15,S,YU,5421
2018-12-23,09:05,Sunday,KIPLING STATION,MUSC,3,7,E,BD,5127
2018-12-23,09:16,Sunday,FINCH STATION,MUSC,0,0,S,YU,5806
2018-12-23,09:24,Sunday,SCARB CTR STATION,TRO,10,17,S,SRT,3026
2018-12-23,10:09,Sunday,ST CLAIR STATION,SUCOL,0,0,S,YU,5391
2018-12-23,10:35,Sunday,RUNNYMEDE STATION,PUMEL,0,0,,BD,0
2018-12-23,11:23,Sunday,DUNDAS WEST STATION,MUPR1,82,86,E,BD,5249
2018-12-23,11:46,Sunday,KENNEDY SRT STATION,ERDO,5,12,N,SRT,3019
2018-12-23,11:50,Sunday,YUS/BD/SHEPPARD SUBWAY,MUGD,0,0,,YU,0
2018-12-23,12:27,Sunday,DON MILLS STATION,MUNCA,0,0,,SHP,0
2018-12-23,12:28,Sunday,OSSINGTON STATION,MUSC,0,0,E,BD,5127
2018-12-23,12:52,Sunday,QUEEN'S PARK STATION,SUUT,26,30,S,YU,5981
2018-12-23,13:23,Sunday,WILSON STATION,PUMEL,0,0,,YU,0
2018-12-23,13:39,Sunday,QUEEN STATION,MUIS,0,0,N,YU,0
2018-12-23,13:45,Sunday,VICTORIA PARK STATION,MUDD,3,7,W,BD,5131
2018-12-23,14:48,Sunday,DAVISVILLE STATION,TUOS,0,0,N,YU,5666
2018-12-23,14:52,Sunday,MUSEUM STATION,SUDP,5,9,S,YU,5521
2018-12-23,15:28,Sunday,GLENCAIRN STATION,SUROB,0,0,S,YU,0
2018-12-23,16:04,Sunday,DONLANDS STATION,MUDD,0,0,W,BD,5148
2018-12-23,16:04,Sunday,DUFFERIN STATION,MUNCA,0,0,,BD,0
2018-12-23,16:42,Sunday,HIGH PARK STATION,MUPAA,0,0,W,BD,5093
2018-12-23,16:57,Sunday,SHERBOURNE STATION,MUNCA,0,0,,BD,0
2018-12-23,18:01,Sunday,YONGE SHP STATION,MUPAA,0,0,W,SHP,6151
2018-12-23,18:13,Sunday,SHEPPARD WEST STATION,MUNOA,5,10,N,YU,5456
2018-12-23,18:40,Sunday,NORTH YORK CTR STATION,MUNCA,0,0,,YU,0
2018-12-23,18:42,Sunday,WELLESLEY STATION,MUIRS,0,0,S,YU,0
2018-12-23,19:01,Sunday,DUNDAS STATION,SUROB,0,0,S,YU,5421
2018-12-23,19:15,Sunday,FINCH STATION,MUSC,0,0,S,YU,5391
2018-12-23,19:25,Sunday,BESSARION STATION,MUNCA,0,0,,SHP,0
2018-12-23,20:05,Sunday,RUNNYMEDE STATION,PUMEL,0,0,,BD,0
2018-12-23,20:46,Sunday,VICTORIA PARK STATION,MUSC,0,0,E,BD,5366
2018-12-23,20:50,Sunday,ST CLAIR WEST STATION,MUIRS,0,0,S,YU,5816
2018-12-23,22:00,Sunday,BLOOR DANFORTH SUBWAY,MUGD,0,0,,BD,0
2018-12-23,22:00,Sunday,YUS/BD/SHEPPARD SUBWAY,MUO,0,0,,YU/BD,0
2018-12-23,22:00,Sunday,YUS/BD/SHEPPARD SUBWAY,MUO,0,0,,YU/BD,0
2018-12-23,22:29,Sunday,ST GEORGE YUS STATION,SUO,4,9,N,YU,5986
2018-12-23,23:44,Sunday,BLOOR STATION,SUO,0,0,N,YU,0
2018-12-24,05:56,Monday,ST GEORGE YUS STATION,EUYRD,4,7,S,YU,5821
2018-12-24,06:09,Monday,WILSON STATION,EUYRD,3,5,S,YU,5951
2018-12-24,06:13,Monday,GREENWOOD STATION,MUTO,3,5,E,BD,5312
2018-12-24,06:20,Monday,WILSON STATION,EUYRD,3,5,S,YU,5396
2018-12-24,06:33,Monday,WARDEN STATION,MUSC,0,0,E,BD,5135
2018-12-24,06:37,Monday,FINCH WEST STATION,EUBO,5,10,N,YU,5791
2018-12-24,06:38,Monday,WILSON STATION,MUATC,5,7,S,YU,5871
2018-12-24,07:09,Monday,GREENWOOD STATION,MUSC,0,0,E,BD,5121
2018-12-24,09:48,Monday,COLLEGE STATION,TUOS,0,0,S,YU,5511
2018-12-24,09:54,Monday,SHEPPARD WEST STATION,MUPAA,4,6,S,YU,6086
2018-12-24,10:44,Monday,BATHURST STATION,SUDP,8,11,E,BD,5358
2018-12-24,11:12,Monday,PAPE STATION,MUPAA,0,0,E,BD,5191
2018-12-24,11:15,Monday,VICTORIA PARK STATION,MUSC,0,0,W,BD,5128
2018-12-24,12:14,Monday,NORTH YORK CTR STATION,MUPAA,0,0,N,YU,5551
2018-12-24,12:20,Monday,OLD MILL STATION,SUDP,8,11,E,BD,5347
2018-12-24,13:28,Monday,DONLANDS STATION,PUSNT,0,0,W,BD,5359
2018-12-24,13:54,Monday,PAPE STATION,EUBK,0,0,W,BD,5137
2018-12-24,14:53,Monday,OLD MILL STATION,TUMVS,3,6,E,BD,5142
2018-12-24,14:59,Monday,BAYVIEW STATION,MUNCA,0,0,,SHP,0
2018-12-24,15:04,Monday,BLOOR STATION,SUAE,0,0,,YU,0
2018-12-24,15:06,Monday,COXWELL STATION,EUO,11,14,E,BD,5240
2018-12-24,15:37,Monday,DUNDAS STATION,SUDP,4,7,N,YU,5466
2018-12-24,16:43,Monday,WARDEN STATION,SUDP,3,6,W,BD,5267
2018-12-24,16:47,Monday,BROADVIEW STATION,PUMEL,0,0,,BD,0
2018-12-24,16:51,Monday,ROSEDALE STATION,MUIR,5,7,N,YU,5971
2018-12-24,17:15,Monday,PAPE STATION,SUSA,3,6,E,BD,5061
2018-12-24,17:32,Monday,QUEEN'S PARK STATION,EUDO,5,7,S,YU,6061
2018-12-24,18:05,Monday,DUNDAS STATION,MUNCA,0,0,,YU,0
2018-12-24,18:21,Monday,WOODBINE STATION,MUSC,0,0,W,BD,5289
2018-12-24,18:42,Monday,KENNEDY BD STATION,TUSC,0,0,E,BD,5287
2018-12-24,18:59,Monday,SCARB CTR STATION,MRUI,0,0,,SRT,0
2018-12-24,19:07,Monday,GREENWOOD STATION,TUNOA,3,6,W,BD,0
2018-12-24,20:21,Monday,UNION STATION,PUMEL,0,0,,YU,0
2018-12-24,21:00,Monday,EGLINTON STATION,TUMVS,7,12,N,YU,5696
2018-12-24,21:19,Monday,WARDEN STATION,MUSC,0,0,W,BD,5091
2018-12-24,21:33,Monday,FINCH STATION,TUMVS,0,0,N,YU,5831
2018-12-24,22:00,Monday,YUS/BD/SHEPPARD SUBWAY,MUO,0,0,,YU/BD,0
2018-12-25,01:04,Tuesday,ISLINGTON STATION,TUSC,0,0,W,BD,5331
2018-12-25,01:15,Tuesday,BAYVIEW STATION,TUO,10,15,W,SHP,6196
2018-12-25,02:28,Tuesday,KIPLING STATION,SUDP,0,0,,BD,0
2018-12-25,07:43,Tuesday,SHEPPARD WEST STATION,TUSUP,7,0,N,YU,5941
2018-12-25,07:56,Tuesday,FINCH STATION,TUSC,0,0,S,YU,5421
2018-12-25,08:00,Tuesday,KIPLING STATION,TUSC,0,0,E,BD,5298
2018-12-25,08:09,Tuesday,KIPLING STATION,MUCL,3,8,E,BD,5295
2018-12-25,08:26,Tuesday,SHEPPARD WEST STATION,TUATC,11,16,N,YU,6111
2018-12-25,08:28,Tuesday,COXWELL STATION,MUSC,0,0,E,BD,5139
2018-12-25,09:39,Tuesday,EGLINTON STATION,MUSC,0,0,S,YU,5431
2018-12-25,11:28,Tuesday,VICTORIA PARK STATION,MUDD,4,8,E,BD,5035
2018-12-25,12:59,Tuesday,SUMMERHILL STATION,TUOS,0,0,S,YU,5756
2018-12-25,13:43,Tuesday,ST CLAIR WEST STATION,SUDP,0,0,S,YU,0
2018-12-25,15:53,Tuesday,KEELE STATION,MUNCA,0,0,,BD,0
2018-12-25,16:01,Tuesday,JANE STATION,TUSC,0,0,W,BD,5287
2018-12-25,16:20,Tuesday,OSSINGTON STATION,MUIS,0,0,,BD,1110
2018-12-25,19:16,Tuesday,MAIN STREET STATION,MUSC,0,0,W,BD,5144
2018-12-25,19:36,Tuesday,FINCH STATION,EUDO,5,10,S,YU,5431
2018-12-25,19:54,Tuesday,LAWRENCE STATION,EUCD,5,10,S,YU,5431
2018-12-25,20:19,Tuesday,JANE STATION,TUSC,0,0,W,BD,5331
2018-12-25,21:45,Tuesday,SHERBOURNE STATION,MUIRS,0,0,E,BD,0
2018-12-25,22:00,Tuesday,YUS/BD/SHEPPARD SUBWAY,MUO,0,0,,YU/BD,0
2018-12-25,22:32,Tuesday,WARDEN STATION,MUSC,0,0,W,BD,5211
2018-12-25,22:38,Tuesday,HIGHWAY 407 STATION,MUIS,0,0,,YU,0
2018-12-25,22:48,Tuesday,MUSEUM STATION,SUUT,10,15,N,YU,5476
2018-12-25,23:42,Tuesday,KENNEDY BD STATION,SUAP,0,0,,BD,0
2018-12-26,02:11,Wednesday,FINCH STATION,MUO,0,0,,YU,0
2018-12-26,05:34,Wednesday,WILSON STATION,TUSC,0,0,N,YU,5976
2018-12-26,05:36,Wednesday,ST PATRICK STATION,EUYRD,7,0,S,YU,5886
2018-12-26,05:41,Wednesday,OSGOODE STATION,MUNCA,0,0,,YU,0
2018-12-26,05:53,Wednesday,SHEPPARD WEST STATION,EUYRD,6,0,N,YU,5811
2018-12-26,05:54,Wednesday,WILSON STATION,EUYRD,10,0,S,YU,5911
2018-12-26,06:02,Wednesday,KEELE STATION,MUNOA,4,8,W,BD,5053
2018-12-26,06:05,Wednesday,ST GEORGE YUS STATION,EUYRD,5,0,S,YU,5461
2018-12-26,06:07,Wednesday,ST GEORGE YUS STATION,MUSC,0,0,N,YU,5601
2018-12-26,06:11,Wednesday,LAWRENCE EAST STATION,ERTC,10,16,N,SRT,3013
2018-12-26,06:25,Wednesday,KIPLING STATION,TUSC,3,7,E,BD,5097
2018-12-26,08:51,Wednesday,KENNEDY BD STATION,TUSC,0,0,W,BD,5016
2018-12-26,08:57,Wednesday,KENNEDY BD STATION,EUSC,0,0,W,BD,5122
2018-12-26,10:38,Wednesday,KENNEDY BD STATION,EUSC,0,0,W,BD,5016
2018-12-26,11:18,Wednesday,ST CLAIR WEST STATION,TUATC,0,0,S,YU,5576
2018-12-26,11:30,Wednesday,YONGE BD STATION,PUMEL,0,0,,BD,0
2018-12-26,12:28,Wednesday,KENNEDY BD STATION,EUSC,0,0,E,BD,5122
2018-12-26,13:29,Wednesday,VAUGHAN MC STATION,MUTO,3,7,S,YU,5576
2018-12-26,13:33,Wednesday,UNION STATION,MUIS,0,0,,YU,0
2018-12-26,14:07,Wednesday,DUFFERIN STATION,SUDP,4,8,W,BD,5025
2018-12-26,14:53,Wednesday,YORKDALE STATION,SUDP,0,0,,YU,0
2018-12-26,15:02,Wednesday,ST ANDREW STATION,SUO,0,0,N,YU,6101
2018-12-26,15:07,Wednesday,KENNEDY BD STATION,MUSC,0,0,W,BD,5161
2018-12-26,15:22,Wednesday,SHEPPARD WEST STATION,MUIS,0,0,,YU,0
2018-12-26,16:14,Wednesday,PAPE STATION,MUIS,0,0,,BD,0
2018-12-26,16:23,Wednesday,OSGOODE STATION,SUDP,0,0,S,YU,6106
2018-12-26,17:21,Wednesday,WELLESLEY STATION,MUPAA,0,0,S,YU,6041
2018-12-26,18:41,Wednesday,VICTORIA PARK STATION,SUDP,0,0,E,BD,5191
2018-12-26,18:51,Wednesday,WARDEN STATION,MUSC,0,0,W,BD,5025
2018-12-26,21:03,Wednesday,BLOOR STATION,MUIS,0,0,N,YU,0
2018-12-26,21:49,Wednesday,KIPLING STATION,MUTO,4,8,E,BD,5248
2018-12-26,22:00,Wednesday,YUS/BD/SHEPPARD SUBWAY,MUO,0,0,,YU/BD,0
2018-12-26,22:01,Wednesday,SUMMERHILL STATION,SUDP,9,14,N,YU,5971
2018-12-26,22:26,Wednesday,VAUGHAN MC STATION,MUIE,5,10,N,YU,5791
2018-12-26,22:30,Wednesday,BAYVIEW STATION,MUSC,0,0,W,SHP,6141
2018-12-26,22:30,Wednesday,MAIN STREET STATION,EUPI,4,8,W,BD,5093
2018-12-26,22:33,Wednesday,WOODBINE STATION,EUCD,4,8,W,BD,5093
2018-12-26,22:51,Wednesday,SUMMERHILL STATION,MUTO,6,11,S,YU,5976
2018-12-26,23:51,Wednesday,WARDEN STATION,MUSC,0,0,W,BD,5025
2018-12-27,00:40,Thursday,RUNNYMEDE STATION,MUIS,0,0,,BD,0
2018-12-27,02:57,Thursday,PAPE STATION,EUAC,3,5,E,BD,5198
2018-12-27,03:05,Thursday,SHEPPARD WEST STATION,MUATC,0,0,S,YU,6126
2018-12-27,03:56,Thursday,PAPE STATION,MUO,0,0,,BD,0
2018-12-27,05:49,Thursday,KEELE STATION,MUNOA,6,0,W,BD,0
2018-12-27,05:53,Thursday,KIPLING STATION,EUCA,6,12,E,BD,5117
2018-12-27,06:16,Thursday,UNION STATION,MUIS,0,0,,YU,0
2018-12-27,06:23,Thursday,COXWELL STATION,MUSC,0,0,E,BD,5137
2018-12-27,06:28,Thursday,SHEPPARD WEST STATION,TUNOA,4,8,N,YU,5506
2018-12-27,06:29,Thursday,KIPLING STATION,EUSC,0,0,E,BD,5096
2018-12-27,06:37,Thursday,COXWELL STATION,MUSC,0,0,E,BD,5336
2018-12-27,07:31,Thursday,KIPLING STATION,TUMVS,0,0,W,BD,5065
2018-12-27,08:00,Thursday,ST GEORGE YUS STATION,MUSC,0,0,N,YU,5606
2018-12-27,08:07,Thursday,KIPLING STATION,EUSC,0,0,E,BD,5096
2018-12-27,08:15,Thursday,KENNEDY BD STATION,TUSC,0,0,E,BD,5267
2018-12-27,08:24,Thursday,YONGE SHP STATION,TUSC,0,0,W,SHP,6186
2018-12-27,09:19,Thursday,ST GEORGE YUS STATION,MUNCA,0,0,,YU,0
2018-12-27,09:25,Thursday,SPADINA BD STATION,EUDO,3,5,W,BD,5158
2018-12-27,09:29,Thursday,EGLINTON STATION,TUMVS,0,0,N,YU,5841
2018-12-27,09:33,Thursday,DUFFERIN STATION,EUCD,7,10,W,BD,5158
2018-12-27,10:49,Thursday,KENNEDY SRT STATION,PREL,0,0,,SRT,0
2018-12-27,10:50,Thursday,SHEPPARD WEST STATION,TUNIP,3,6,S,YU,6121
2018-12-27,12:29,Thursday,ST GEORGE YUS STATION,PUMEL,0,0,,YU,0
2018-12-27,12:40,Thursday,SPADINA BD STATION,SUUT,7,10,E,BD,5311
2018-12-27,12:42,Thursday,QUEEN STATION,TUOS,3,7,N,YU,5446
2018-12-27,13:16,Thursday,ST PATRICK STATION,MUSC,0,0,N,YU,5626
2018-12-27,13:19,Thursday,VICTORIA PARK STATION,MUSC,0,0,W,BD,5131
2018-12-27,13:42,Thursday,FINCH STATION,PUMEL,0,0,,YU,0
2018-12-27,14:35,Thursday,KENNEDY BD STATION,EUDO,3,6,W,BD,5161
2018-12-27,14:37,Thursday,KENNEDY BD STATION,MUIS,0,0,,BD,0
2018-12-27,14:42,Thursday,BAYVIEW STATION,MUNCA,0,0,,SHP,0
2018-12-27,15:00,Thursday,KIPLING STATION,EUDO,0,0,W,BD,5313
2018-12-27,15:17,Thursday,FINCH STATION,EUSC,0,0,S,YU,5626
2018-12-27,15:20,Thursday,ROYAL YORK STATION,EUCD,3,5,E,BD,5067
2018-12-27,15:24,Thursday,SHEPPARD WEST STATION,MUCL,5,7,S,YU,5541
2018-12-27,16:18,Thursday,VAUGHAN MC STATION,EUAC,3,5,S,YU,5876
2018-12-27,16:36,Thursday,ISLINGTON STATION,MUPAA,0,0,W,BD,5228
2018-12-27,17:02,Thursday,ROSEDALE STATION,SUO,4,6,N,YU,5526
2018-12-27,17:14,Thursday,DON MILLS STATION,MUI,5,10,W,SHP,6146
2018-12-27,18:00,Thursday,BLOOR STATION,MUIS,0,0,S,YU,0
2018-12-27,18:01,Thursday,BAY STATION,MUNCA,0,0,,BD,0
2018-12-27,18:01,Thursday,DOWNSVIEW PARK STATION,MUIRS,0,0,,YU,0
2018-12-27,18:02,Thursday,YORK MILLS STATION,SUO,3,5,N,YU,5736
2018-12-27,18:43,Thursday,CHRISTIE STATION,PUMEL,0,0,,BD,0
2018-12-27,19:17,Thursday,KIPLING STATION,MUSC,0,0,W,BD,5324
2018-12-27,19:22,Thursday,DUNDAS STATION,SUDP,6,9,N,YU,6126
2018-12-27,21:11,Thursday,KENNEDY BD STATION,MUIRS,0,0,,BD,0
2018-12-27,21:24,Thursday,HIGH PARK STATION,MUSC,0,0,W,BD,5240
2018-12-27,21:30,Thursday,BLOOR STATION,PUMST,0,0,S,YU,0
2018-12-27,21:34,Thursday,KEELE STATION,MUSC,0,0,E,BD,5298
2018-12-27,22:00,Thursday,YUS/BD/SHEPPARD SUBWAY,MUO,0,0,,YU/BD,0
2018-12-27,22:25,Thursday,WARDEN STATION,MUSC,0,0,W,BD,5036
2018-12-27,22:54,Thursday,VICTORIA PARK STATION,MUSC,0,0,W,BD,5344
2018-12-27,23:03,Thursday,WARDEN STATION,MUSC,0,0,E,BD,5218
2018-12-27,23:54,Thursday,VICTORIA PARK STATION,MUSC,0,0,E,BD,5002
2018-12-28,00:03,Friday,VICTORIA PARK STATION,MUSC,0,0,W,BD,5359
2018-12-28,00:34,Friday,DUFFERIN STATION,MUI,11,14,E,BD,5239
2018-12-28,01:36,Friday,YUS/BD/SHEPPARD SUBWAY,MUO,0,0,,YU/BD,0
2018-12-28,06:05,Friday,KENNEDY BD STATION,EUBO,5,10,W,BD,5213
2018-12-28,06:06,Friday,KIPLING STATION,EUSC,0,0,E,BD,5363
2018-12-28,06:10,Friday,VAUGHAN MC STATION,EUDO,4,8,S,YU,6136
2018-12-28,06:14,Friday,WILSON HOSTLER,MUATC,5,9,N,YU,5686
2018-12-28,06:15,Friday,DONLANDS STATION,TUNOA,5,10,W,BD,0
2018-12-28,06:19,Friday,ISLINGTON STATION,PUSSW,19,22,W,BD,5175
2018-12-28,06:27,Friday,ISLINGTON STATION,MUIS,0,0,,BD,0
2018-12-28,07:27,Friday,COXWELL STATION,MUSC,0,0,E,BD,5216
2018-12-28,07:29,Friday,ST GEORGE YUS STATION,TUO,0,0,N,YU,6121
2018-12-28,07:51,Friday,YORK MILLS STATION,TUSC,0,0,S,YU,5906
2018-12-28,08:02,Friday,LAWRENCE WEST STATION,PUSIS,3,5,N,YU,5946
2018-12-28,08:13,Friday,EGLINTON WEST STATION,SUAE,0,0,N,YU,5421
2018-12-28,08:25,Friday,FINCH STATION,MUTO,3,5,S,YU,5621
2018-12-28,08:29,Friday,KIPLING STATION,MUSC,0,0,W,BD,5276
2018-12-28,08:56,Friday,KIPLING STATION,EUSC,0,0,E,BD,5117
2018-12-28,08:58,Friday,CHRISTIE STATION,TUSC,0,0,W,BD,5111
2018-12-28,09:08,Friday,WELLESLEY STATION,PUTDN,4,7,S,YU,5381
2018-12-28,09:59,Friday,ST CLAIR STATION,PUSTS,0,0,S,YU,5431
2018-12-28,10:43,Friday,ROYAL YORK STATION,TUSC,0,0,E,BD,5200
2018-12-28,10:44,Friday,DON MILLS STATION,SUDP,5,10,W,SHP,6151
2018-12-28,11:01,Friday,WELLESLEY STATION,MUD,3,6,N,YU,5506
2018-12-28,11:09,Friday,YONGE BD STATION,SUPOL,0,0,E,BD,5240
2018-12-28,11:13,Friday,PAPE STATION,SUPOL,6,9,E,BD,5200
2018-12-28,11:21,Friday,WELLESLEY STATION,EUDO,4,7,S,YU,5996
2018-12-28,11:24,Friday,FINCH STATION,MUTO,4,7,S,YU,5481
2018-12-28,13:39,Friday,YONGE SHP STATION,TUSC,0,0,W,SHP,6161
2018-12-28,14:16,Friday,FINCH STATION,MUO,3,6,S,YU,5551
2018-12-28,14:36,Friday,YONGE BD STATION,SUDP,3,6,W,BD,5281
2018-12-28,15:25,Friday,ROYAL YORK STATION,TUSC,0,0,E,BD,5128
2018-12-28,15:45,Friday,DAVISVILLE STATION,EUYRD,3,5,S,YU,0
2018-12-28,15:53,Friday,WILSON STATION,MUCL,5,7,S,YU,5436
2018-12-28,15:59,Friday,WELLESLEY STATION,SUDP,8,10,S,YU,6131
2018-12-28,16:23,Friday,JANE STATION,TUSC,0,0,W,BD,5324
2018-12-28,16:24,Friday,COLLEGE STATION,TUMVS,5,7,S,YU,6051
2018-12-28,16:54,Friday,VAUGHAN MC STATION,MUI,3,5,S,YU,5706
2018-12-28,17:28,Friday,DOWNSVIEW PARK STATION,MUPAA,3,6,N,YU,5601
2018-12-28,17:41,Friday,JANE STATION,TUSC,0,0,W,BD,5115
2018-12-28,18:05,Friday,ST GEORGE YUS STATION,TUSC,0,0,N,YU,5656
2018-12-28,18:19,Friday,ST CLAIR STATION,MUPAA,0,0,N,YU,5706
2018-12-28,18:32,Friday,KIPLING STATION,MUTO,5,8,E,BD,5285
2018-12-28,18:40,Friday,FINCH STATION,MUIS,0,0,,704 RAD BUS,3330
2018-12-28,18:45,Friday,ST GEORGE YUS STATION,TUSC,0,0,N,YU,5581
2018-12-28,18:58,Friday,ST ANDREW STATION,MUIS,0,0,,YU,0
2018-12-28,20:21,Friday,VICTORIA PARK STATION,SUAP,0,0,E,BD,5352
2018-12-28,20:27,Friday,WELLESLEY STATION,MUPAA,4,7,S,YU,5976
2018-12-28,20:33,Friday,DAVISVILLE STATION,SUDP,3,6,N,YU,6041
2018-12-28,20:51,Friday,KENNEDY BD STATION,MUI,0,0,W,BD,5308
2018-12-28,22:00,Friday,YUS/BD/SHEPPARD SUBWAY,MUO,0,0,,YU/BD,0
2018-12-28,22:02,Friday,KING STATION,MUI,12,15,S,YU,5996
2018-12-28,22:24,Friday,YONGE BD STATION,MUIS,0,0,E,BD,0
2018-12-28,22:42,Friday,ISLINGTON STATION,PUSI,0,0,E,BD,5239
2018-12-28,22:54,Friday,EGLINTON WEST STATION,MUIR,9,14,N,YU,5481
2018-12-28,23:25,Friday,YORK MILLS STATION,TUOS,0,0,S,YU,5846
2018-12-28,23:35,Friday,BROADVIEW STATION,TUSC,0,0,W,BD,5295
2018-12-29,01:01,Saturday,KIPLING STATION,MUSC,0,0,W,BD,5050
2018-12-29,01:03,Saturday,VICTORIA PARK STATION,MUSC,0,0,W,BD,5268
2018-12-29,01:09,Saturday,VICTORIA PARK STATION,MUSC,0,0,W,BD,5308
2018-12-29,01:13,Saturday,HIGH PARK STATION,MUSC,0,0,W,BD,5000
2018-12-29,01:25,Saturday,WARDEN STATION,MUSC,0,0,E,BD,5144
2018-12-29,01:29,Saturday,GREENWOOD STATION,MUSC,0,0,W,BD,5313
2018-12-29,01:45,Saturday,ST ANDREW STATION,MUIS,0,0,S,YU,5816
2018-12-29,02:01,Saturday,BROADVIEW STATION,SUUT,6,10,E,BD,5058
2018-12-29,02:04,Saturday,DON MILLS STATION,SUAP,0,0,,SHP,0
2018-12-29,05:52,Saturday,GREENWOOD STATION,TUNIP,5,10,E,BD,5022
2018-12-29,05:53,Saturday,KIPLING STATION,TUSC,0,0,E,BD,5216
2018-12-29,05:56,Saturday,FINCH STATION,MUNOA,5,10,S,YU,0
2018-12-29,06:18,Saturday,COXWELL STATION,MUSC,0,0,E,BD,5311
2018-12-29,06:19,Saturday,DAVISVILLE STATION,PUSNT,3,8,S,YU,5856
2018-12-29,06:44,Saturday,KIPLING STATION,EUSC,0,0,E,BD,5363
2018-12-29,08:11,Saturday,KIPLING STATION,EUSC,0,0,E,BD,5077
2018-12-29,08:55,Saturday,DUFFERIN STATION,PUMO,0,0,,BD,0
2018-12-29,08:56,Saturday,YONGE SHP STATION,TUSC,0,0,W,SHP,6186
2018-12-29,09:37,Saturday,ROYAL YORK STATION,MUPLC,0,0,,BD,0
2018-12-29,10:34,Saturday,FINCH STATION,TUSC,0,0,N,YU,5791
2018-12-29,10:53,Saturday,KENNEDY BD STATION,MUTO,6,10,W,BD,5000
2018-12-29,10:54,Saturday,CASTLE FRANK STATION,SUDP,0,0,W,BD,0
2018-12-29,11:09,Saturday,ISLINGTON STATION,MUIS,0,0,,BD,0
2018-12-29,11:17,Saturday,VICTORIA PARK STATION,MUSC,0,0,W,BD,5308
2018-12-29,11:38,Saturday,DUPONT STATION,EUDO,7,10,S,YU,5761
2018-12-29,11:53,Saturday,GREENWOOD STATION,TUNIP,5,10,E,BD,5126
2018-12-29,11:53,Saturday,KENNEDY BD STATION,EUDO,3,7,W,BD,5142
2018-12-29,12:01,Saturday,SHEPPARD WEST STATION,SUO,3,7,S,YU,5546
2018-12-29,12:09,Saturday,SUMMERHILL STATION,MUPR1,238,241,S,YU,6031
2018-12-29,12:14,Saturday,COLLEGE STATION,SUO,0,0,N,YU,5881
2018-12-29,12:27,Saturday,EGLINTON STATION,TUCC,0,0,S,YU,6076
2018-12-29,12:45,Saturday,LAWRENCE STATION,MUPAA,0,0,S,YU,5766
2018-12-29,12:48,Saturday,EGLINTON STATION,TUCC,0,0,S,YU,5591
2018-12-29,13:45,Saturday,KEELE STATION,EUTM,3,7,E,BD,5295
2018-12-29,14:28,Saturday,FINCH WEST STATION,SUO,0,0,,YU,0
2018-12-29,14:49,Saturday,CHESTER STATION,TUSC,0,0,W,BD,5279
2018-12-29,15:26,Saturday,COXWELL STATION,MUIS,0,0,W,BD,0
2018-12-29,17:32,Saturday,ISLINGTON STATION,PUSIS,3,7,W,BD,5214
2018-12-29,17:46,Saturday,RUNNYMEDE STATION,TUSC,0,0,W,BD,5135
2018-12-29,17:53,Saturday,SHEPPARD WEST STATION,MUCL,3,6,N,YU,0
2018-12-29,18:25,Saturday,GREENWOOD STATION,MUNCA,0,0,,BD,0
2018-12-29,18:43,Saturday,YORKDALE STATION,MUNCA,0,0,,YU,0
2018-12-29,19:11,Saturday,DUNDAS STATION,SUDP,4,7,N,YU,5926
2018-12-29,19:24,Saturday,QUEEN STATION,MUPAA,0,0,S,YU,6051
2018-12-29,19:32,Saturday,GLENCAIRN STATION,MUPAA,0,0,S,YU,5821
2018-12-29,22:00,Saturday,YUS/BD/SHEPPARD SUBWAY,MUO,0,0,,YU/BD,0
2018-12-29,22:03,Saturday,YONGE BD STATION,SUDP,0,0,E,BD,5239
2018-12-29,22:06,Saturday,BLOOR STATION,SUDP,0,0,N,YU,5676
2018-12-29,22:30,Saturday,BROADVIEW STATION,MUIRS,0,0,E,BD,5126
2018-12-29,22:47,Saturday,DONLANDS STATION,SUDP,0,0,E,BD,5163
2018-12-29,22:53,Saturday,DAVISVILLE STATION,MUIS,0,0,S,YU,0
2018-12-29,23:01,Saturday,UNION STATION,MUIS,0,0,N,YU,0
2018-12-29,23:27,Saturday,FINCH WEST STATION,MUIS,0,0,,YU,0
2018-12-30,01:43,Sunday,KEELE STATION,MUSC,0,0,W,BD,5500
2018-12-30,01:58,Sunday,VAUGHAN MC STATION,SUO,0,0,S,YU,5516
2018-12-30,02:13,Sunday,FINCH STATION,MUI,0,0,S,YU,5911
2018-12-30,08:05,Sunday,KEELE STATION,PUSNT,5,10,W,BD,5004
2018-12-30,08:13,Sunday,KEELE STATION,PUSNT,0,0,E,BD,5351
2018-12-30,08:36,Sunday,DAVISVILLE STATION,MUNOA,5,10,N,YU,0
2018-12-30,10:27,Sunday,VICTORIA PARK STATION,EUSC,0,0,W,BD,5128
2018-12-30,11:30,Sunday,ST GEORGE BD STATION,MUNCA,0,0,,BD,0
2018-12-30,12:12,Sunday,KEELE STATION,MUI,5,10,W,BD,5037
2018-12-30,12:24,Sunday,EGLINTON STATION,EUSC,0,0,S,YU,6056
2018-12-30,12:40,Sunday,SUMMERHILL STATION,SUAP,26,30,N,YU,5981
2018-12-30,14:42,Sunday,VAUGHAN MC STATION,MUTO,4,8,S,YU,0
2018-12-30,14:49,Sunday,MCCOWAN STATION,MRUI,6,12,S,SRT,3004
2018-12-30,15:00,Sunday,KEELE STATION,MUIS,0,0,,BD,0
2018-12-30,16:06,Sunday,DOWNSVIEW PARK STATION,MUPAA,0,0,S,YU,5971
2018-12-30,16:34,Sunday,QUEEN STATION,PUMEL,0,0,,YU,0
2018-12-30,17:25,Sunday,YORK MILLS STATION,EUSC,0,0,S,YU,6051
2018-12-30,17:56,Sunday,COXWELL STATION,TUSC,0,0,W,BD,5345
2018-12-30,17:57,Sunday,ST GEORGE YUS STATION,TUSC,0,0,S,YU,5961
2018-12-30,18:18,Sunday,FINCH WEST STATION,MUNOA,4,8,N,YU,0
2018-12-30,21:14,Sunday,VICTORIA PARK STATION,MUSC,0,0,W,BD,5214
2018-12-30,21:16,Sunday,BROADVIEW STATION,MUIS,0,0,,BD,0
2018-12-30,22:00,Sunday,YUS/BD/SHEPPARD SUBWAY,MUO,0,0,,YU/BD,0
2018-12-30,22:09,Sunday,BLOOR DANFORTH SUBWAY,MUGD,0,0,,BD,0
2018-12-31,00:03,Monday,WELLESLEY STATION,MUIRS,0,0,,YU,0
2018-12-31,00:14,Monday,VICTORIA PARK STATION,EUSC,0,0,E,BD,5158
2018-12-31,00:33,Monday,VICTORIA PARK STATION,EUSC,0,0,W,BD,5268
2018-12-31,00:36,Monday,DUPONT STATION,EUATC,11,16,N,YU,5546
2018-12-31,00:39,Monday,EGLINTON STATION,MUIS,0,0,N,YU,5706
2018-12-31,00:52,Monday,ST CLAIR WEST STATION,SUAE,5,10,N,YU,5546
2018-12-31,00:53,Monday,YONGE BD STATION,SUDP,4,8,W,BD,5050
2018-12-31,00:57,Monday,ST GEORGE BD STATION,MUIRS,0,0,,BD,0
2018-12-31,01:47,Monday,KENNEDY BD STATION,PUMEL,0,0,,YU,0
2018-12-31,06:08,Monday,DAVISVILLE STATION,TUNIP,5,10,N,YU,6021
2018-12-31,06:08,Monday,MCCOWAN STATION,MRTO,5,10,S,SRT,3010
2018-12-31,06:19,Monday,COXWELL STATION,EUSC,0,0,E,BD,5144
2018-12-31,06:46,Monday,KIPLING STATION,SUDP,5,10,E,BD,5291
2018-12-31,08:22,Monday,YONGE SHP STATION,TUMVS,0,0,E,SHP,6181
2018-12-31,08:43,Monday,BLOOR STATION,MUIR,0,0,S,YU,5966
2018-12-31,09:45,Monday,KENNEDY BD STATION,EUBK,0,0,E,BD,5027
2018-12-31,09:46,Monday,JANE STATION,TUSC,0,0,E,BD,5214
2018-12-31,09:54,Monday,COLLEGE STATION,SUDP,3,6,S,YU,5456
2018-12-31,10:16,Monday,RUNNYMEDE STATION,EUDO,3,7,E,BD,5
2018-12-31,10:37,Monday,BAY STATION,SUUT,0,0,E,BD,5364
2018-12-31,10:52,Monday,SHEPPARD WEST STATION,MUTO,4,8,N,YU,5576
2018-12-31,13:36,Monday,DONLANDS STATION,SUAP,3,6,W,BD,5069
2018-12-31,13:39,Monday,FINCH STATION,MUIS,0,0,,YU,0
2018-12-31,14:07,Monday,YONGE SHP STATION,MUIR,5,10,W,SHP,6196
2018-12-31,14:14,Monday,JANE STATION,TUSC,0,0,W,BD,5353
2018-12-31,14:15,Monday,ROYAL YORK STATION,EUSC,6,9,E,BD,5144
2018-12-31,14:33,Monday,OSSINGTON STATION,SUAP,0,0,,BD,0
2018-12-31,14:45,Monday,JANE STATION,TUSC,0,0,W,BD,5071
2018-12-31,14:58,Monday,KIPLING STATION,EUSC,0,0,W,BD,5282
2018-12-31,15:06,Monday,WARDEN STATION,MUIS,0,0,,BD,0
2018-12-31,15:08,Monday,WARDEN STATION,TUSC,0,0,W,BD,5069
2018-12-31,15:16,Monday,EGLINTON WEST STATION,MUPAA,0,0,N,YU,5801
2018-12-31,15:23,Monday,BLOOR STATION,SUDP,17,20,S,YU,5886
2018-12-31,15:36,Monday,FINCH STATION,MUIE,3,6,N,YU,6001
2018-12-31,15:57,Monday,MAIN STREET STATION,MUPAA,4,7,W,BD,5071
2018-12-31,15:58,Monday,JANE STATION,SUDP,0,0,E,BD,5359
2018-12-31,16:08,Monday,ISLINGTON STATION,EUSC,0,0,E,BD,5253
2018-12-31,16:26,Monday,SPADINA YUS STATION,PUSTC,3,6,N,YU,5601
2018-12-31,16:29,Monday,VICTORIA PARK STATION,PUMST,0,0,,BD,0
2018-12-31,16:41,Monday,QUEEN STATION,PUMEL,0,0,,YU,0
2018-12-31,17:28,Monday,COLLEGE STATION,MUPAA,0,0,S,YU,5801
2018-12-31,18:24,Monday,VICTORIA PARK STATION,EUSC,0,0,W,BD,5292
2018-12-31,18:31,Monday,EGLINTON WEST STATION,EUATC,3,6,S,YU,5901
2018-12-31,18:52,Monday,DAVISVILLE STATION,PUSNT,0,0,S,YU,5721
2018-12-31,18:52,Monday,HIGH PARK STATION,EUSC,0,0,W,BD,5246
2018-12-31,19:20,Monday,DONLANDS STATION,MUNOA,3,7,E,BD,0
2018-12-31,20:19,Monday,ISLINGTON STATION,TUSC,0,0,W,BD,5296
2018-12-31,20:19,Monday,SHERBOURNE STATION,TUOS,3,7,E,BD,5058
2018-12-31,20:21,Monday,KENNEDY BD STATION,MUIS,0,0,,BD,0
2018-12-31,20:43,Monday,WILSON STATION,TUSC,0,0,S,YU,5961
2018-12-31,21:29,Monday,SCARB CTR STATION,MRTO,5,10,N,SRT,3011
2018-12-31,21:49,Monday,SPADINA YUS STATION,PUSTC,5,10,N,YU,5601
2018-12-31,22:00,Monday,YUS/BD/SHEPPARD SUBWAY,MUO,0,0,,YU/BD,0
2018-12-31,22:09,Monday,BLOOR STATION,MUIS,0,0,N,YU,0
2018-12-31,22:29,Monday,QUEEN'S PARK STATION,TUSC,0,0,S,YU,5866
2018-12-31,22:34,Monday,DUNDAS STATION,PUMST,0,0,,YU,0
2018-12-31,22:36,Monday,DUNDAS STATION,SUDP,3,6,N,YU,5881
2018-12-31,23:08,Monday,BLOOR STATION,MUIRS,0,0,,YU,0
2018-12-31,23:21,Monday,QUEEN'S PARK STATION,TUSC,0,0,S,YU,5841
2018-12-31,23:32,Monday,ST CLAIR STATION,MUPAA,0,0,S,YU,6061